--
-- PostgreSQL database dump
--

-- Dumped from database version 14.6
-- Dumped by pg_dump version 14.6

SET statement_timeout = 0;
SET lock_timeout = 0;
SET idle_in_transaction_session_timeout = 0;
SET client_encoding = 'UTF8';
SET standard_conforming_strings = on;
SELECT pg_catalog.set_config('search_path', '', false);
SET check_function_bodies = false;
SET xmloption = content;
SET client_min_messages = warning;
SET row_security = off;

--
-- Name: uzumakiaji; Type: SCHEMA; Schema: -; Owner: postgres
--

CREATE SCHEMA uzumakiaji;


ALTER SCHEMA uzumakiaji OWNER TO postgres;

SET default_tablespace = '';

SET default_table_access_method = heap;

--
-- Name: auth_group; Type: TABLE; Schema: public; Owner: postgres
--

CREATE TABLE public.auth_group (
    id integer NOT NULL,
    name character varying(150) NOT NULL
);


ALTER TABLE public.auth_group OWNER TO postgres;

--
-- Name: auth_group_id_seq; Type: SEQUENCE; Schema: public; Owner: postgres
--

ALTER TABLE public.auth_group ALTER COLUMN id ADD GENERATED BY DEFAULT AS IDENTITY (
    SEQUENCE NAME public.auth_group_id_seq
    START WITH 1
    INCREMENT BY 1
    NO MINVALUE
    NO MAXVALUE
    CACHE 1
);


--
-- Name: auth_group_permissions; Type: TABLE; Schema: public; Owner: postgres
--

CREATE TABLE public.auth_group_permissions (
    id bigint NOT NULL,
    group_id integer NOT NULL,
    permission_id integer NOT NULL
);


ALTER TABLE public.auth_group_permissions OWNER TO postgres;

--
-- Name: auth_group_permissions_id_seq; Type: SEQUENCE; Schema: public; Owner: postgres
--

ALTER TABLE public.auth_group_permissions ALTER COLUMN id ADD GENERATED BY DEFAULT AS IDENTITY (
    SEQUENCE NAME public.auth_group_permissions_id_seq
    START WITH 1
    INCREMENT BY 1
    NO MINVALUE
    NO MAXVALUE
    CACHE 1
);


--
-- Name: auth_permission; Type: TABLE; Schema: public; Owner: postgres
--

CREATE TABLE public.auth_permission (
    id integer NOT NULL,
    name character varying(255) NOT NULL,
    content_type_id integer NOT NULL,
    codename character varying(100) NOT NULL
);


ALTER TABLE public.auth_permission OWNER TO postgres;

--
-- Name: auth_permission_id_seq; Type: SEQUENCE; Schema: public; Owner: postgres
--

ALTER TABLE public.auth_permission ALTER COLUMN id ADD GENERATED BY DEFAULT AS IDENTITY (
    SEQUENCE NAME public.auth_permission_id_seq
    START WITH 1
    INCREMENT BY 1
    NO MINVALUE
    NO MAXVALUE
    CACHE 1
);


--
-- Name: auth_user; Type: TABLE; Schema: public; Owner: postgres
--

CREATE TABLE public.auth_user (
    id integer NOT NULL,
    password character varying(128) NOT NULL,
    last_login timestamp with time zone,
    is_superuser boolean NOT NULL,
    username character varying(150) NOT NULL,
    first_name character varying(150) NOT NULL,
    last_name character varying(150) NOT NULL,
    email character varying(254) NOT NULL,
    is_staff boolean NOT NULL,
    is_active boolean NOT NULL,
    date_joined timestamp with time zone NOT NULL
);


ALTER TABLE public.auth_user OWNER TO postgres;

--
-- Name: auth_user_groups; Type: TABLE; Schema: public; Owner: postgres
--

CREATE TABLE public.auth_user_groups (
    id bigint NOT NULL,
    user_id integer NOT NULL,
    group_id integer NOT NULL
);


ALTER TABLE public.auth_user_groups OWNER TO postgres;

--
-- Name: auth_user_groups_id_seq; Type: SEQUENCE; Schema: public; Owner: postgres
--

ALTER TABLE public.auth_user_groups ALTER COLUMN id ADD GENERATED BY DEFAULT AS IDENTITY (
    SEQUENCE NAME public.auth_user_groups_id_seq
    START WITH 1
    INCREMENT BY 1
    NO MINVALUE
    NO MAXVALUE
    CACHE 1
);


--
-- Name: auth_user_id_seq; Type: SEQUENCE; Schema: public; Owner: postgres
--

ALTER TABLE public.auth_user ALTER COLUMN id ADD GENERATED BY DEFAULT AS IDENTITY (
    SEQUENCE NAME public.auth_user_id_seq
    START WITH 1
    INCREMENT BY 1
    NO MINVALUE
    NO MAXVALUE
    CACHE 1
);


--
-- Name: auth_user_user_permissions; Type: TABLE; Schema: public; Owner: postgres
--

CREATE TABLE public.auth_user_user_permissions (
    id bigint NOT NULL,
    user_id integer NOT NULL,
    permission_id integer NOT NULL
);


ALTER TABLE public.auth_user_user_permissions OWNER TO postgres;

--
-- Name: auth_user_user_permissions_id_seq; Type: SEQUENCE; Schema: public; Owner: postgres
--

ALTER TABLE public.auth_user_user_permissions ALTER COLUMN id ADD GENERATED BY DEFAULT AS IDENTITY (
    SEQUENCE NAME public.auth_user_user_permissions_id_seq
    START WITH 1
    INCREMENT BY 1
    NO MINVALUE
    NO MAXVALUE
    CACHE 1
);


--
-- Name: django_admin_log; Type: TABLE; Schema: public; Owner: postgres
--

CREATE TABLE public.django_admin_log (
    id integer NOT NULL,
    action_time timestamp with time zone NOT NULL,
    object_id text,
    object_repr character varying(200) NOT NULL,
    action_flag smallint NOT NULL,
    change_message text NOT NULL,
    content_type_id integer,
    user_id integer NOT NULL,
    CONSTRAINT django_admin_log_action_flag_check CHECK ((action_flag >= 0))
);


ALTER TABLE public.django_admin_log OWNER TO postgres;

--
-- Name: django_admin_log_id_seq; Type: SEQUENCE; Schema: public; Owner: postgres
--

ALTER TABLE public.django_admin_log ALTER COLUMN id ADD GENERATED BY DEFAULT AS IDENTITY (
    SEQUENCE NAME public.django_admin_log_id_seq
    START WITH 1
    INCREMENT BY 1
    NO MINVALUE
    NO MAXVALUE
    CACHE 1
);


--
-- Name: django_content_type; Type: TABLE; Schema: public; Owner: postgres
--

CREATE TABLE public.django_content_type (
    id integer NOT NULL,
    app_label character varying(100) NOT NULL,
    model character varying(100) NOT NULL
);


ALTER TABLE public.django_content_type OWNER TO postgres;

--
-- Name: django_content_type_id_seq; Type: SEQUENCE; Schema: public; Owner: postgres
--

ALTER TABLE public.django_content_type ALTER COLUMN id ADD GENERATED BY DEFAULT AS IDENTITY (
    SEQUENCE NAME public.django_content_type_id_seq
    START WITH 1
    INCREMENT BY 1
    NO MINVALUE
    NO MAXVALUE
    CACHE 1
);


--
-- Name: django_migrations; Type: TABLE; Schema: public; Owner: postgres
--

CREATE TABLE public.django_migrations (
    id bigint NOT NULL,
    app character varying(255) NOT NULL,
    name character varying(255) NOT NULL,
    applied timestamp with time zone NOT NULL
);


ALTER TABLE public.django_migrations OWNER TO postgres;

--
-- Name: django_migrations_id_seq; Type: SEQUENCE; Schema: public; Owner: postgres
--

ALTER TABLE public.django_migrations ALTER COLUMN id ADD GENERATED BY DEFAULT AS IDENTITY (
    SEQUENCE NAME public.django_migrations_id_seq
    START WITH 1
    INCREMENT BY 1
    NO MINVALUE
    NO MAXVALUE
    CACHE 1
);


--
-- Name: django_session; Type: TABLE; Schema: public; Owner: postgres
--

CREATE TABLE public.django_session (
    session_key character varying(40) NOT NULL,
    session_data text NOT NULL,
    expire_date timestamp with time zone NOT NULL
);


ALTER TABLE public.django_session OWNER TO postgres;

--
-- Name: produk_buku; Type: TABLE; Schema: public; Owner: postgres
--

CREATE TABLE public.produk_buku (
    id bigint NOT NULL,
    created timestamp with time zone NOT NULL,
    updated timestamp with time zone NOT NULL,
    slug character varying(255) NOT NULL,
    judul_buku character varying(255) NOT NULL,
    tahun integer NOT NULL,
    deskripsi text NOT NULL,
    penerbit_id bigint NOT NULL,
    penulis_id bigint NOT NULL,
    sampul_buku character varying(255) NOT NULL,
    thumbnail_sampul character varying(255) NOT NULL,
    harga integer NOT NULL,
    stok_barang integer NOT NULL
);


ALTER TABLE public.produk_buku OWNER TO postgres;

--
-- Name: produk_buku_id_seq; Type: SEQUENCE; Schema: public; Owner: postgres
--

ALTER TABLE public.produk_buku ALTER COLUMN id ADD GENERATED BY DEFAULT AS IDENTITY (
    SEQUENCE NAME public.produk_buku_id_seq
    START WITH 1
    INCREMENT BY 1
    NO MINVALUE
    NO MAXVALUE
    CACHE 1
);


--
-- Name: produk_penerbit_buku; Type: TABLE; Schema: public; Owner: postgres
--

CREATE TABLE public.produk_penerbit_buku (
    id bigint NOT NULL,
    created timestamp with time zone NOT NULL,
    updated timestamp with time zone NOT NULL,
    slug character varying(255) NOT NULL,
    penerbit character varying(100) NOT NULL,
    instansi character varying(100) NOT NULL,
    tentang_penerbit text NOT NULL,
    logo_penerbit character varying(100) NOT NULL
);


ALTER TABLE public.produk_penerbit_buku OWNER TO postgres;

--
-- Name: produk_penerbit_buku_id_seq; Type: SEQUENCE; Schema: public; Owner: postgres
--

ALTER TABLE public.produk_penerbit_buku ALTER COLUMN id ADD GENERATED BY DEFAULT AS IDENTITY (
    SEQUENCE NAME public.produk_penerbit_buku_id_seq
    START WITH 1
    INCREMENT BY 1
    NO MINVALUE
    NO MAXVALUE
    CACHE 1
);


--
-- Name: produk_penulis_buku; Type: TABLE; Schema: public; Owner: postgres
--

CREATE TABLE public.produk_penulis_buku (
    id bigint NOT NULL,
    created timestamp with time zone NOT NULL,
    updated timestamp with time zone NOT NULL,
    slug character varying(255) NOT NULL,
    nama_penulis character varying(100) NOT NULL,
    nama character varying(100) NOT NULL,
    tentang_penulis text NOT NULL
);


ALTER TABLE public.produk_penulis_buku OWNER TO postgres;

--
-- Name: produk_penulis_buku_id_seq; Type: SEQUENCE; Schema: public; Owner: postgres
--

ALTER TABLE public.produk_penulis_buku ALTER COLUMN id ADD GENERATED BY DEFAULT AS IDENTITY (
    SEQUENCE NAME public.produk_penulis_buku_id_seq
    START WITH 1
    INCREMENT BY 1
    NO MINVALUE
    NO MAXVALUE
    CACHE 1
);


--
-- Name: produk_stationery; Type: TABLE; Schema: public; Owner: postgres
--

CREATE TABLE public.produk_stationery (
    id bigint NOT NULL,
    created timestamp with time zone NOT NULL,
    updated timestamp with time zone NOT NULL,
    slug character varying(255) NOT NULL,
    nama_produk character varying(255) NOT NULL,
    gambar_produk character varying(255) NOT NULL,
    stok_barang integer NOT NULL,
    harga integer NOT NULL
);


ALTER TABLE public.produk_stationery OWNER TO postgres;

--
-- Name: produk_stationery_id_seq; Type: SEQUENCE; Schema: public; Owner: postgres
--

ALTER TABLE public.produk_stationery ALTER COLUMN id ADD GENERATED BY DEFAULT AS IDENTITY (
    SEQUENCE NAME public.produk_stationery_id_seq
    START WITH 1
    INCREMENT BY 1
    NO MINVALUE
    NO MAXVALUE
    CACHE 1
);


--
-- Data for Name: auth_group; Type: TABLE DATA; Schema: public; Owner: postgres
--

COPY public.auth_group (id, name) FROM stdin;
\.


--
-- Data for Name: auth_group_permissions; Type: TABLE DATA; Schema: public; Owner: postgres
--

COPY public.auth_group_permissions (id, group_id, permission_id) FROM stdin;
\.


--
-- Data for Name: auth_permission; Type: TABLE DATA; Schema: public; Owner: postgres
--

COPY public.auth_permission (id, name, content_type_id, codename) FROM stdin;
1	Can add log entry	1	add_logentry
2	Can change log entry	1	change_logentry
3	Can delete log entry	1	delete_logentry
4	Can view log entry	1	view_logentry
5	Can add permission	2	add_permission
6	Can change permission	2	change_permission
7	Can delete permission	2	delete_permission
8	Can view permission	2	view_permission
9	Can add group	3	add_group
10	Can change group	3	change_group
11	Can delete group	3	delete_group
12	Can view group	3	view_group
13	Can add user	4	add_user
14	Can change user	4	change_user
15	Can delete user	4	delete_user
16	Can view user	4	view_user
17	Can add content type	5	add_contenttype
18	Can change content type	5	change_contenttype
19	Can delete content type	5	delete_contenttype
20	Can view content type	5	view_contenttype
21	Can add session	6	add_session
22	Can change session	6	change_session
23	Can delete session	6	delete_session
24	Can view session	6	view_session
25	Can add penerbit_ buku	7	add_penerbit_buku
26	Can change penerbit_ buku	7	change_penerbit_buku
27	Can delete penerbit_ buku	7	delete_penerbit_buku
28	Can view penerbit_ buku	7	view_penerbit_buku
29	Can add penulis_ buku	8	add_penulis_buku
30	Can change penulis_ buku	8	change_penulis_buku
31	Can delete penulis_ buku	8	delete_penulis_buku
32	Can view penulis_ buku	8	view_penulis_buku
33	Can add buku	9	add_buku
34	Can change buku	9	change_buku
35	Can delete buku	9	delete_buku
36	Can view buku	9	view_buku
37	Can add stationery	10	add_stationery
38	Can change stationery	10	change_stationery
39	Can delete stationery	10	delete_stationery
40	Can view stationery	10	view_stationery
\.


--
-- Data for Name: auth_user; Type: TABLE DATA; Schema: public; Owner: postgres
--

COPY public.auth_user (id, password, last_login, is_superuser, username, first_name, last_name, email, is_staff, is_active, date_joined) FROM stdin;
1	pbkdf2_sha256$390000$EjuCCLk5Q4r5ibu2uTpyUU$VN5lp6/GPBJf1JCI4/6BiEM0qandLRwzM9sDr7a9b5g=	2024-03-05 23:34:07.846093+07	t	uzumakiaji			uzumakiaji96@test.co.id	t	t	2024-02-16 01:16:38.899447+07
\.


--
-- Data for Name: auth_user_groups; Type: TABLE DATA; Schema: public; Owner: postgres
--

COPY public.auth_user_groups (id, user_id, group_id) FROM stdin;
\.


--
-- Data for Name: auth_user_user_permissions; Type: TABLE DATA; Schema: public; Owner: postgres
--

COPY public.auth_user_user_permissions (id, user_id, permission_id) FROM stdin;
\.


--
-- Data for Name: django_admin_log; Type: TABLE DATA; Schema: public; Owner: postgres
--

COPY public.django_admin_log (id, action_time, object_id, object_repr, action_flag, change_message, content_type_id, user_id) FROM stdin;
11	2024-02-16 01:46:39.30101+07	5	Analisis dan Desain Perangkat Lunak	2	[{"changed": {"fields": ["Stok barang"]}}]	9	1
12	2024-02-16 01:46:53.368255+07	3	Basis Data Edisi Revisi Ketiga	2	[{"changed": {"fields": ["Stok barang"]}}]	9	1
13	2024-02-16 01:47:10.194236+07	7	Data Mining Dan Machine Learning Menggunakan Matlab Dan Python	2	[{"changed": {"fields": ["Stok barang"]}}]	9	1
14	2024-02-16 01:47:39.364005+07	8	Jujutsu Kaisen 06	2	[{"changed": {"fields": ["Stok barang"]}}]	9	1
15	2024-02-16 01:47:56.029872+07	6	Jujutsu Kaisen 11	2	[{"changed": {"fields": ["Stok barang"]}}]	9	1
16	2024-02-16 01:48:10.695524+07	4	Machine Learning Tingkat Dasar dan Lanjut Edisi-2	2	[{"changed": {"fields": ["Stok barang"]}}]	9	1
17	2024-02-16 01:48:21.382145+07	2	Smart Trader Not Gamblers	2	[{"changed": {"fields": ["Stok barang"]}}]	9	1
18	2024-02-16 01:48:30.994436+07	1	Smart Trader Rich Investor	2	[{"changed": {"fields": ["Stok barang"]}}]	9	1
19	2024-02-16 01:52:55.546532+07	2	Fathansyah	2	[{"changed": {"fields": ["Tentang penulis"]}}]	8	1
20	2024-02-16 01:53:24.027759+07	5	Gege Akutami	2	[{"changed": {"fields": ["Tentang penulis"]}}]	8	1
21	2024-02-16 01:53:49.459619+07	6	Rahmadya Trias Handayanto	2	[{"changed": {"fields": ["Tentang penulis"]}}]	8	1
22	2024-02-16 01:57:00.443467+07	8	Jujutsu Kaisen 06	2	[{"changed": {"fields": ["Deskripsi"]}}]	9	1
23	2024-02-16 01:58:52.678907+07	2	Smart Trader Not Gamblers	2	[{"changed": {"fields": ["Deskripsi"]}}]	9	1
24	2024-02-16 02:00:07.112956+07	1	Smart Trader Rich Investor	2	[{"changed": {"fields": ["Deskripsi"]}}]	9	1
25	2024-02-20 21:54:42.125716+07	None	Ballpoint Faster C600	1	[{"added": {}}]	10	1
26	2024-02-20 21:55:47.454446+07	None	Ballpoint Pilot BPT-P	1	[{"added": {}}]	10	1
27	2024-02-20 21:57:38.133544+07	None	Ballpoint Faster C600	1	[{"added": {}}]	10	1
28	2024-02-20 22:01:08.738002+07	1	Ballpoint Faster C600	1	[{"added": {}}]	10	1
29	2024-02-20 22:01:35.119426+07	1	Ballpoint Faster C600	2	[{"changed": {"fields": ["Stok barang", "Harga"]}}]	10	1
30	2024-02-20 22:01:57.036581+07	2	Ballpoint Pilot BPT-P	1	[{"added": {}}]	10	1
31	2024-02-20 22:03:28.247457+07	3	Isi Staples MAX	1	[{"added": {}}]	10	1
32	2024-02-20 22:05:02.042102+07	4	Pencil 2B Faber Castle	1	[{"added": {}}]	10	1
33	2024-02-20 22:06:41.003931+07	5	Pencil 2B STAEDLER	1	[{"added": {}}]	10	1
34	2024-02-20 22:08:03.814594+07	6	Stapler JOYKO HD-10	1	[{"added": {}}]	10	1
35	2024-03-01 11:28:32.771336+07	3	ELEX MEDIA KOMPUTINDO	2	[{"changed": {"fields": ["Tentang penerbit", "Logo penerbit"]}}]	7	1
36	2024-03-01 11:29:29.194974+07	1	GRAMEDIA	2	[{"changed": {"fields": ["Tentang penerbit", "Logo penerbit"]}}]	7	1
37	2024-03-01 11:30:15.059214+07	2	INFORMATIKA	2	[{"changed": {"fields": ["Tentang penerbit", "Logo penerbit"]}}]	7	1
38	2024-03-05 23:38:41.661641+07	7	J. K. Rowling	1	[{"added": {}}]	8	1
39	2024-03-05 23:42:32.826701+07	9	Jujutsu Kaisen 0	1	[{"added": {}}]	9	1
40	2024-03-05 23:42:52.918427+07	8	Jujutsu Kaisen 6	2	[{"changed": {"fields": ["Judul buku"]}}]	9	1
41	2024-03-05 23:43:18.430665+07	8	Jujutsu Kaisen 06	2	[{"changed": {"fields": ["Judul buku"]}}]	9	1
42	2024-03-05 23:45:54.804922+07	10	Jujutsu Kaisen 1	1	[{"added": {}}]	9	1
43	2024-03-05 23:46:10.827292+07	10	Jujutsu Kaisen 01	2	[{"changed": {"fields": ["Judul buku"]}}]	9	1
44	2024-03-05 23:47:34.600327+07	11	Jujutsu Kaisen 02	1	[{"added": {}}]	9	1
45	2024-03-05 23:49:38.175405+07	12	Harry Potter Dan Batu Bertuah	1	[{"added": {}}]	9	1
46	2024-03-05 23:51:30.169483+07	13	Harry Potter dan Tawanan Azkaban	1	[{"added": {}}]	9	1
47	2024-03-05 23:53:03.031505+07	14	Harry Potter dan Kamar Rahasia	1	[{"added": {}}]	9	1
48	2024-03-05 23:55:57.337441+07	7	J. K. Rowling	2	[{"changed": {"fields": ["Tentang penulis"]}}]	8	1
49	2024-03-06 00:09:35.274907+07	8	Widodo Budhiarto	1	[{"added": {}}]	8	1
50	2024-03-06 00:09:59.00801+07	8	Widodo Budiharto	2	[{"changed": {"fields": ["Nama penulis"]}}]	8	1
51	2024-03-06 00:21:21.580401+07	4	ANDI OFFSET	1	[{"added": {}}]	7	1
52	2024-03-06 00:23:52.628049+07	9	Jubilee Enterprise	1	[{"added": {}}]	8	1
53	2024-03-06 00:39:24.194495+07	5	BIP	1	[{"added": {}}]	7	1
54	2024-03-06 00:47:31.439251+07	10	Tian Topandi	1	[{"added": {}}]	8	1
55	2024-03-06 00:57:01.897395+07	11	Robin Sharma	1	[{"added": {}}]	8	1
56	2024-03-06 00:59:11.34242+07	12	Harry Potter dan Batu Bertuah	2	[{"changed": {"fields": ["Judul buku"]}}]	9	1
57	2024-03-06 01:00:40.770178+07	15	Harry Potter dan Pangeran Berdarah Campuran	1	[{"added": {}}]	9	1
58	2024-03-06 01:01:45.633422+07	16	Harry Potter dan Piala Api	1	[{"added": {}}]	9	1
59	2024-03-06 01:03:02.929628+07	17	Harry Potter dan Orde Phoenix	1	[{"added": {}}]	9	1
1	2024-02-16 01:22:23.953452+07	1	Ellen May	1	[{"added": {}}]	8	1
2	2024-02-16 01:23:36.371039+07	1	Ellen May	2	[{"changed": {"fields": ["Tentang penulis"]}}]	8	1
3	2024-02-16 01:24:12.945489+07	2	Fathansyah	1	[{"added": {}}]	8	1
4	2024-02-16 01:26:05.21942+07	3	Suyanto	1	[{"added": {}}]	8	1
5	2024-02-16 01:27:41.612143+07	4	Rosa Ariani Sukamto	1	[{"added": {}}]	8	1
6	2024-02-16 01:28:09.233533+07	5	Gege Akutami	1	[{"added": {}}]	8	1
7	2024-02-16 01:28:42.057784+07	6	Rahmadya Trias Handayanto	1	[{"added": {}}]	8	1
8	2024-02-16 01:29:19.449036+07	1	GRAMEDIA	1	[{"added": {}}]	7	1
9	2024-02-16 01:29:38.737882+07	2	INFORMATIKA	1	[{"added": {}}]	7	1
10	2024-02-16 01:30:03.257136+07	3	ELEX MEDIA KOMPUTINDO	1	[{"added": {}}]	7	1
60	2024-03-06 01:04:48.794007+07	18	Pemrograman Python Untuk Ilmu Komputer Dan Teknik	1	[{"added": {}}]	9	1
61	2024-03-06 01:06:49.414711+07	19	Python untuk Analisis dan Visualisasi Data	1	[{"added": {}}]	9	1
62	2024-03-06 01:08:25.095675+07	20	Anggara Kasih	1	[{"added": {}}]	9	1
63	2024-03-06 01:10:05.906673+07	21	The Monk Who Sold His Ferrari: Perjalanan Mencari Kebahagiaan Hidup Sejati	1	[{"added": {}}]	9	1
64	2024-03-06 01:35:14.281113+07	10	Jujutsu Kaisen 01	2	[{"changed": {"fields": ["Deskripsi"]}}]	9	1
65	2024-03-06 01:38:24.246324+07	10	Jujutsu Kaisen 01	2	[{"changed": {"fields": ["Deskripsi"]}}]	9	1
\.


--
-- Data for Name: django_content_type; Type: TABLE DATA; Schema: public; Owner: postgres
--

COPY public.django_content_type (id, app_label, model) FROM stdin;
1	admin	logentry
2	auth	permission
3	auth	group
4	auth	user
5	contenttypes	contenttype
6	sessions	session
7	produk	penerbit_buku
8	produk	penulis_buku
9	produk	buku
10	produk	stationery
\.


--
-- Data for Name: django_migrations; Type: TABLE DATA; Schema: public; Owner: postgres
--

COPY public.django_migrations (id, app, name, applied) FROM stdin;
1	contenttypes	0001_initial	2024-02-16 01:14:34.110019+07
2	auth	0001_initial	2024-02-16 01:14:35.473365+07
3	admin	0001_initial	2024-02-16 01:14:35.74702+07
4	admin	0002_logentry_remove_auto_add	2024-02-16 01:14:35.762647+07
5	admin	0003_logentry_add_action_flag_choices	2024-02-16 01:14:35.778277+07
6	contenttypes	0002_remove_content_type_name	2024-02-16 01:14:35.887823+07
7	auth	0002_alter_permission_name_max_length	2024-02-16 01:14:35.918879+07
8	auth	0003_alter_user_email_max_length	2024-02-16 01:14:35.918879+07
9	auth	0004_alter_user_username_opts	2024-02-16 01:14:35.934505+07
10	auth	0005_alter_user_last_login_null	2024-02-16 01:14:35.965767+07
11	auth	0006_require_contenttypes_0002	2024-02-16 01:14:35.965767+07
12	auth	0007_alter_validators_add_error_messages	2024-02-16 01:14:35.981395+07
13	auth	0008_alter_user_username_max_length	2024-02-16 01:14:36.0597+07
14	auth	0009_alter_user_last_name_max_length	2024-02-16 01:14:36.122014+07
15	auth	0010_alter_group_name_max_length	2024-02-16 01:14:36.153299+07
16	auth	0011_update_proxy_permissions	2024-02-16 01:14:36.168886+07
17	auth	0012_alter_user_first_name_max_length	2024-02-16 01:14:36.184504+07
18	produk	0001_initial	2024-02-16 01:14:36.825702+07
19	produk	0002_buku_sampul_buku_buku_thumbnail_sampul	2024-02-16 01:14:36.872412+07
20	produk	0003_penulis_buku_nama_penulis_buku_tentang_penulis	2024-02-16 01:14:36.935077+07
21	produk	0004_buku_harga	2024-02-16 01:14:36.950532+07
22	sessions	0001_initial	2024-02-16 01:14:37.452824+07
23	produk	0005_buku_stok_barang	2024-02-16 01:45:58.025756+07
24	produk	0006_stationery	2024-02-20 21:44:57.763204+07
25	produk	0007_penerbit_buku_tentang_penerbit	2024-03-01 11:20:12.538796+07
26	produk	0008_penerbit_buku_logo_penerbit_alter_buku_harga_and_more	2024-03-01 11:27:13.593827+07
27	produk	0009_alter_penerbit_buku_logo_penerbit_and_more	2024-03-01 13:57:47.770801+07
\.


--
-- Data for Name: django_session; Type: TABLE DATA; Schema: public; Owner: postgres
--

COPY public.django_session (session_key, session_data, expire_date) FROM stdin;
dzk47oz6wzadp91kblu2mwbtwwy6qz1h	.eJxVjEEOwiAQRe_C2pBhKBRcuvcMhGGKVA0kpV0Z765NutDtf-_9lwhxW0vY-rSEmcVZKHH63Simx1R3wPdYb02mVtdlJrkr8qBdXhtPz8vh_h2U2Mu3Hhm1HgFTQqWMjmDIOUOa2HqIlMAigDVs7YCQ2aiMSg-afPbZjWjF-wO1qTab:1raZjg:jfW4z4LntURAjMEoH1ZFk14-H4Snvwv29iMPjmYo0-g	2024-03-01 01:17:00.837171+07
2b8hzab52wswgng9fgbej3p9qhu1awfp	.eJxVjEEOwiAQRe_C2pBhKBRcuvcMhGGKVA0kpV0Z765NutDtf-_9lwhxW0vY-rSEmcVZKHH63Simx1R3wPdYb02mVtdlJrkr8qBdXhtPz8vh_h2U2Mu3Hhm1HgFTQqWMjmDIOUOa2HqIlMAigDVs7YCQ2aiMSg-afPbZjWjF-wO1qTab:1rcKrU:-U5ZdE5eslinpgvWCjnTo_PcwFhmIDUPy8wOfMWuLOQ	2024-03-05 21:48:20.200305+07
3u6y6z1ghnam5f200omwglqg68m6yw52	.eJxVjEEOwiAQRe_C2pBhKBRcuvcMhGGKVA0kpV0Z765NutDtf-_9lwhxW0vY-rSEmcVZKHH63Simx1R3wPdYb02mVtdlJrkr8qBdXhtPz8vh_h2U2Mu3Hhm1HgFTQqWMjmDIOUOa2HqIlMAigDVs7YCQ2aiMSg-afPbZjWjF-wO1qTab:1rhRBZ:qj6efi2Na7SXRAtg6Rv_kxOERT49aI1ynSZF5WZqRQw	2024-03-19 23:34:09.512215+07
\.


--
-- Data for Name: produk_buku; Type: TABLE DATA; Schema: public; Owner: postgres
--

COPY public.produk_buku (id, created, updated, slug, judul_buku, tahun, deskripsi, penerbit_id, penulis_id, sampul_buku, thumbnail_sampul, harga, stok_barang) FROM stdin;
4	2023-10-14 03:23:28.84+07	2024-02-16 01:48:10.695524+07	machine-learning-tingkat-dasar-dan-lanjut-edisi-2	Machine Learning Tingkat Dasar dan Lanjut Edisi-2	2020	Perusahaan-perusahaan raksasa berbasis IT telah menunjukkan berbagai kesuksesan dalam penggunaan artificial intelligence, khususnya machine learning. Kesuksesan mereka tentu saja tidak instan dalam sekejap. Mereka telah bertahun-tahun membangun sistem itu menggunakan berbagai teknik machine learning, mulai dari tingkat dasar yang simpel, lalu secara terus menerus dikembangkan, hingga saat ini telah menggunakan teknik machine learning tingkat lanjut, khususnya deep learning, yang memberikan performansi tinggi.\r\n\r\nBuku ini memberi Anda gambaran holistik dan simpel mengenai konsep dasar machine learning, teknik-teknik dan metode-metode tingkat dasar dan tingkat lanjut, serta aplikasinya dalam berbagai bidang terkini. Pembahasan dimulai dari konsep dasar paling sederhana hingga yang kompleks dengan gradasi yang lembut. Setiap teknik dan metode dibahas dari ide dasar, motivasi, visualisasi, formulasi matematis, hingga contoh aplikasinya.\r\n\r\nPada setiap teknik learning dibahas sejumlah metode beserta variansinya. Selain itu, buku ini akan memandu Anda memahami beragam masalah, dari yang simpel hingga rumit, dengan berbagai karakteristik berbeda. Dengan demikian, Anda akan terlatih untuk memahami masalah secara benar dan mampu mendesain sistem berbasis machine learning yang akurat untuk masalah yang Anda hadapi.	2	3	hq3bujta45prdjdcjbgng9.jpg	hq3bujta45prdjdcjbgng9__w149_hauto.jpg	170000	16
19	2024-03-06 01:06:49.383039+07	2024-03-06 01:06:49.383039+07	python-untuk-analisis-dan-visualisasi-data	Python untuk Analisis dan Visualisasi Data	2023	Profesi yang berhubungan erat dengan data memiliki prospek masa depan yang cerah. Salah satunya adalah analisis data yang bertugas untuk mengambil data, melakukan pengolahan, dan menganalisis berdasarkan kebutuhan-kebutuhan tertentu. Kemudian, data yang telah dianalisis itu bisa divisualisasikan untuk keperluan presentasi. Apabila profesi analisis data benar-benar Anda minati, maka mulailah membaca buku ini. Dengan menggunakan Python, Anda akan belajar cara menggunakan kode-kode program untuk mengolah data dari berbagai macam sumber, mulai dari list, Series, DataFrame, file CSV, hingga file MS Excel. Pembahasan di dalam buku ini meliputi:\r\n\r\n• Menggunakan Pandas untuk bekerja dengan list, Series, DataFrame, dan file CSV.\r\n• Menggunakan Matplotlib untuk membuat berbagai model chart.\r\n• Menggunakan Plotly untuk membuat berbagai model chart.\r\n• Menggunakan Openpyxl untuk mengintegrasikan data pada file MS Excel dengan Python, termasuk membuat chart.	3	9	sevge26s2yhsk37siipsld.jpg	sevge26s2yhsk37siipsld.jpg	64000	100
1	2023-09-11 11:55:04.296+07	2024-02-16 02:00:07.109958+07	smart-trader-rich-investor	Smart Trader Rich Investor	2017	Smart Trader Rich Investor berisi enam bab yang membahas tentang panduan sukses investasi saham bagi pemula. Pada bab pertama, penulis menjabarkan alasan untuk melakukan investasi, hal-hal penting dari berinvestasi, investasi dengan imbal hasil yang tinggi, dan juga kisah Ellen May, penulis buku ini, dalam investasi. Buku ini mengajarkan pembaca tentang pentingnya investasi. Buku ini direkomendasikan untuk dibaca pemula yang ingin terjun ke dunia investasi saham.\r\n\r\nSinopsis Buku\r\n\r\nBanyak orang menyebut istilah “bermain saham“, padahal sama seperti bisnis lainnya, istilah yang tepat adalah “berbisnis saham“. Layaknya sebuah bisnis, Anda harus bertindak tepat dalam setiap langkah.\r\n\r\nPasar saham adalah instrumen bisnis trading jangka pendek dan investasi jangka panjang yang memberikan potensi keuntungan luar biasa. Sayangnya, banyak orang belum menikmatinya karena takut dan belum mengerti bagaimana memulainya.\r\n\r\nPakar saham Ellen May, yang sukses dengan buku best seller Smart Traders Not Gamblers, menjelaskan setiap langkah yang harus dipilih para pemula yang ingin berbisnis saham.\r\n\r\nBuku ini memaparkan secara mendetail:\r\n* cara memulai trading ataupun berinvestasi saham,\r\n* cara memilih strategi dari trading jangka pendek atau investasi jangka panjang,\r\n* modal yang dibutuhkan dan bagaimana jika hanya punya modal minim,\r\n* kemungkinan memenuhi kebutuhan hidup hanya dengan berbisnis saham,\r\n* cara meminimalkan risiko dan memaksimalkan keuntungan,\r\n* dan berbagai hal penting lain yang diperlukan seorang pemula untuk mulai melangkah berbisnis saham.\r\n\r\nJika Anda ingin memulai berkecimpung dalam dunia saham, buku ini adalah panduan yang tepat untuk menuntun Anda menjadi trader dan investor yang berhasil.	1	1	9786020324951_Smart-Trader-Rich-Investor-Cover-Baru.jpg	ID_GPU2017MTH11STRIB_S.jpg	97900	20
5	2023-10-14 05:49:07.48+07	2024-02-16 01:46:39.267828+07	analisis-dan-desain-perangkat-lunak	Analisis dan Desain Perangkat Lunak	2022	Pada buku ANALISIS DAN DESAIN PERANGKAT LUNAK ini akan membahas tentang analisis dan desain sistem dengan disertai suatu studi kasus untuk memudahkan dalam pemahaman. Analisis dan desain sistem itu dimulai dengan analisis dan desain basis data, analisis dan desain sistem untuk pemrograman terstruktur dengan menggunakan DFD, dan analisis dan desain sistem untuk pemrograman berorientasi objek dengan menggunakan UML, dan contoh-contoh rich picture untuk rekayasa dengan metode Agile.\r\n\r\nSetelah membaca studi kasus tersebut, pembaca diharapkan dapat memahami bagaimana melakukan analisis dan desain sistem untuk pemrograman terstruktur, pemrograman berorientasi objek, maupun metode Agile. Untuk menghasilkan analisis dan desain perangkat lunak yang baik, seorang analis seharusnya memahami konsep pemrograman. Tanpa pemahaman konsep pemrograman yang baik, analis tidak mungkin menghasilkan perancangan perangkat lunak yang baik. Pada buku ini juga dijelaskan mengenai tahapan-tahapan yang harus dilalui dalam rekayasa perangkat lunak serta penjelasan secara umum tentang manajemen proyek perangkat lunak.\r\n\r\nBahasan Buku :\r\n* Analisis Dan Desain Sistem\r\n* Software Development Life Cycle ( SDLC )\r\n* Basis Data\r\n* Rekayasa Perangkat Lunak Untuk Pemrograman Terstruktur\r\n* Pemrograman Berorientasi Objek\r\n* Analisis Data Dan Desain Berorientasi Objek\r\n* Pemodelan Dan UML\r\n* Studi Kasus UML\r\n* Perancangan Pola Berorientasi Objek\r\n* Rekayasa Perangkat Lunak Dengan Metodologi Agile\r\n* Manajemen Proyek Perangkat Lunak\r\n\r\nSegera dapatkan buku berjudul ANALISIS DAN DESAIN PERANGKAT LUNAK karya Rosa A.S hanya di toko buku	2	4	445a8f3f0a24f6740ce096822c486efc.jpeg	Analisis_Dan_Desain_Perangkat_Lunak__w149_hauto.jpg	120000	20
3	2023-09-11 12:02:14.024+07	2024-02-16 01:46:53.363179+07	basis-data-edisi-revisi-ketiga	Basis Data Edisi Revisi Ketiga	2018	Buku ini merupakan revisi dalam rangka penyesuaian dengan situasi terkini, setelah sekian tahun lamanya rencana revisi itu tertunda. Revisi ini sekaligus juga terbentuk penggabungan dari 2 buku sebelumnya, yaitu basis data dan sistem basis data.\r\n\r\nBuku ini mencoba memfokuskan pada tiga hal, yaitu: basis data, model data dan bagaimana membuat model data yang baik. Dalam berbagai pembahasan, niscaya kita akan melihat perancangan basis data yang baik juga senantiasa mempertimbangkan prosedur (aturan-aturan) yang berlaku di dalam sistem. Karena itu, pembahasan tentang contoh-contoh aturan yang berlaku di lapangan yang terefleksikan dalam perancangan juga banyak mewarnai isi buku ini. Sejumlah aspek lain yang relevan., seperti DBMS, aplikasi basis data dan perkembangan teknologi terbaru, juga turut dibahas.\r\n\r\nBuku ini memang lebih ditujukan untuk membantu para mahasiswa, apapun program studinya, yang tengah mempelajari mata kuliah basis data yang lebih menekankan pada aspek perancangan basis data. Karena itu, berbagai contoh yang disajikan dalam buku ini juga diambil dari fakta yang dekat dengan dunia kemahasiswaan.\r\n\r\nKendati demikian, buku ini sesungguhnya juga terbuka dan bermanfaat bagi siapa saja yang memerlukan penguasaan pada aspek-aspek dasar ke-basis data-an.	2	2	9786026232663_Basis-Data-Ed.jpg	9786026232663_Basis-Data-Ed__w149_hauto.jpg	120000	50
7	2023-10-24 21:16:43.363+07	2024-02-16 01:47:10.191224+07	data-mining-dan-machine-learning-menggunakan-matlab-dan-python	Data Mining Dan Machine Learning Menggunakan Matlab Dan Python	2020	DATA MINING DAN MACHINE LEARNING MENGGUNAKAN MATLAB DAN PYTHON	2	6	9786237131328.jpg	9786237131328.jpg	72250	8
6	2023-10-14 06:10:43.983+07	2024-02-16 01:47:56.029872+07	jujutsu-kaisen-11	Jujutsu Kaisen 11	2023	Di antara jenis buku lainnya, komik memang disukai oleh semua kalangan mulai dari anak kecil hingga orang dewasa. Alasan komik lebih disukai oleh banyak orang karena disajikan dengan penuh dengan gambar dan cerita yang mengasyikan sehingga mampu menghilangkan rasa bosan di kala waktu senggang.\r\n\r\nKomik seringkali dijadikan sebagai koleksi dan diburu oleh penggemarnya karena serinya yang cukup terkenal dan kepopulerannya terus berlanjut sampai saat ini. Dalam memilih jenis komik, ada baiknya perhatikan terlebih dahulu ringkasan cerita komik di sampul bagian belakang sehingga sesuai dengan preferensi pribadi pembaca.\r\n\r\nJujutsu Kaisen adalah serial manga Jepang yang ditulis dan diilustrasikan oleh Gege Akutami. Ini telah diserialkan di majalah manga shonen Shueisha Weekly Shonen Jump sejak Maret 2018, dengan bab-babnya dikumpulkan dan diterbitkan dalam 20 volume tankobon per Agustus 2022. Ceritanya mengikuti siswa sekolah menengah Yuji Itadori saat ia bergabung dengan organisasi rahasia Penyihir Jujutsu untuk menghilangkan Kutukan yang kuat bernama Ryomen Sukuna, di mana Yuji menjadi inangnya. Jujutsu Kaisen adalah sekuel dari Sekolah Teknik Kutukan Metropolitan Tokyo Akutami, yang diserialkan di Jump GIGA Shueisha dari April hingga Juli 2017, kemudian dikumpulkan dalam volume tankobon, dengan judul retroaktif sebagai Jujutsu Kaisen 0, pada Desember 2018.\r\n\r\nSinopsis Buku:\r\nPeron bawah tanah Stasiun Shibuya dipenuhi warga sipil dan manusia yang telah dimodifikasi. Dalam situasi mengerikan tanpa jalan keluar, Gojo masih memegang kendali atas para Jurei. Akan tetapi, kuasa untuk menyegel Gojo ada di tangan musuh...!! Sementara itu, ketika Itadori bergegas menuju peron bawah tanah, muncul sekutu yang tak terduga!?	3	5	eqabs5dgzrpwkp7trvqajz.jpg	eqabs5dgzrpwkp7trvqajz__w149_hauto.jpg	32500	100
2	2023-09-11 11:57:38.396+07	2024-02-16 01:58:52.676916+07	smart-trader-not-gamblers	Smart Trader Not Gamblers	2018	Buku Smart Traders Not Gamblers merupakan karya Ellen May. Ia adalah seorang trader dan investor sukses yang sudah berpengalaman sejak tahun 2007. Ellen survive melewati krisis hebat tahun 2008 bahkan menghasilkan keuntungan besar sejak krisis tersebut. Ellen May dikenal sebagai pakar saham Indonesia.\r\n\r\nSinopsis buku\r\n\r\nOpini masyarakat bahwa trading saham merupakan perjudian terbentuk karena adanya faktor spekulasi yang tinggi, tingkat keberhasilan yang kecil, dan risiko tinggi yang mengikuti keuntungan yang besar. Buku ini ditulis untuk menjawab pertanyaan seperti, “Bagaimana caranya menjadi seorang trader sejati?“ Temukan mind map dan kemampuan dasar apa saja yang diperlukan untuk menjadi pemain saham pemula, agar tidak jatuh dalam kerugian.\r\n\r\nBuku ini ditulis oleh Ellen May ditujukan untuk level menengah. Melalui buku ini, Anda akan belajar tentang psikologi trading sehingga keputusan beli jual saham dapat dilakukan dengan benar. Harapannya adalah setelah membaca buku ini, Anda tidak lagi membeli atau menjual saham berdasarkan feeling.\r\n\r\n“Saya sudah membaca ratusan buku trading, dan buku ini adalah salah satu yang terbaik dan sangat saya rekomendasikan. Penulisnya membuat konsep psikologi trading menjadi sederhana dan pembahasan ide-ide baru serta pendekatan yang dipaparkannya dapat menjadi terobosan bagi Anda untuk menjadi seorang GREAT TRADER!“ - Soeratman Doerachman (Eyang Ratman), Trader dan investor profesional, Founder mailing list junior-Trader U-C/ub)	1	1	9789792274646_Smart-Traders-Not-GamblersCD-Cover-Baru.jpg	ID_STNG2018MTH09STNG.jpg	98000	20
9	2024-03-05 23:42:32.658618+07	2024-03-05 23:42:32.658618+07	jujutsu-kaisen-0	Jujutsu Kaisen 0	2017	Manga Jujutsu Kaisen yang dibuat oleh komikus bernama Akutami Gege ini bercerita tentang Yuuji adalah seorang jenius di trek dan lapangan. Tapi dia sama sekali tidak tertarik untuk berputar-putar, dia bahagia sebagai seorang clam di Klub Penelitian Ilmu Gaib. Meskipun dia hanya ada di klub untuk iseng, keadaan menjadi serius ketika semangat nyata muncul di sekolah! Hidup akan menjadi sangat aneh di SMA Kota Sugisawa!\r\n\r\nManga ini mengisahkan bocah yang telah terkutuk oleh kutukan yang bernama rika chan. Rika chan adalah kekasih yuta okkotsu namun pada saat 6 tahun yang lalu Rika mengalami kecelakaan yang membuat setengah kepalanya pecah, dan itu tepat di depan kekasih nya yaitu yuta okkotsu, dan semenjak itu rika selalu berada disisi yuta okkotsu dan terus melindungi yuta!\r\n\r\nSinopsis\r\nYuta Okkotsu seorang siswa SMA yang menginginkan hukuman mati untuk dirinya sendiri. Dia menderita karena Rika - roh pendendam yang menghantuinya. Namun, Satoru Gojo, seorang guru di “Akademi Jujutsu” - sekolah para shaman, meyakinkan Okkotsu untuk pindah ke sekolah tersebut. Inilah prekuel dari JUJUTSU KAISEN!!\r\n\r\nYuji Itadori seorang murid SMA dengan kemampuan atletik yang luar biasa. Kesehariannya adalah menjenguk kakeknya yang terbaring di rumah sakit. Suatu hari, segel "objek terkutuk" yang berada di sekolahnya terlepas, monster-monster pun mulai bermunculan. Yuji menyusup ke dalam gedung sekolah demi menolong senior di klubnya, akan tetapi...!?	3	5	Cover_Depan_Jujutsu_Kaisen_0.jpg	Cover_Depan_Jujutsu_Kaisen_0.jpg	40000	100
8	2023-10-24 21:18:55.472+07	2024-03-05 23:43:18.428907+07	jujutsu-kaisen-06	Jujutsu Kaisen 06	2022	Jujutsu Kaisen adalah manga Jepang yang ditulis dan diilustrasikan sendiri oleh Gege Akutami. Jujutsu Kaisen dirilis pertama kali pada bulan Maret 2018 ini menceritakan tentang siswa sekolah menengah, Yuji Itadori, saat ia bergabung dengan organisasi rahasia Penyihir Jujutsu untuk membunuh Kutukan kuat bernama Ryomen Sukuna, yang menjadikan Yuji sebagai tuan rumah. Karena sifat jahat Sukuna, semua penyihir diharuskan untuk mengusirnya segera dalam hal ini, termasuk memburu Yuji Itadori. Tapi setelah melihat Yuji mempertahankan kendali atas tubuhnya, guru Megumi Satoru Gojo membawanya ke Sekolah Tinggi Jujutsu Prefektur Tokyo dengan proposal kepada atasannya: tunda hukuman mati Yuji dan berlatih di bawah Gojo sampai dia menghabiskan semua jari Sukuna sehingga Kutukan bisa hancur total.\r\n\r\nSetelah program pertukaran dengan Akademi Jujutsu Kyoto dimulai. Pihak yang duluan menyingkirkan jurei tingkat 2 di area pertandinganlah yang akan jadi pemenangnya. Todo yang gemar berkelahi segera menyerang pihak Tokyo! Saat Todo dan Itadori saling berhadapan, anak-anak Kyoto yang lain ikut mengepung Itadori dengan niat untuk membunuhnya. Rencana tim Kyoto untuk membunuh Itadori berjalan sesuai harapan dengan memanfaatkan program pertukaran. Di sisi lain, Jurei dan Jusoshi yang dipimpin Mahito menyusup masuk ke tempat berlangsungnya acara. Para guru pun bergegas pergi untuk menyelamatkan murid-murid, tapi mereka terhalang oleh Tobari! Sementara itu, Inumaki dan Fushiguro diserang Jurei tingkat tinggi bernama Hanami. Apakah mereka berhasil keluar dari krisis itu!?\r\n\r\nJudul: Jujutsu Kaisen 06\r\nCerita : Gege Akutami\r\nTebal: 200 Halaman\r\nFormat: Soft Cover\r\nTanggal Terbit: April 2022	3	5	Jujutsukaisen_6.jpg	Jujutsukaisen_6.jpg	34000	100
11	2024-03-05 23:47:34.582986+07	2024-03-05 23:47:34.582986+07	jujutsu-kaisen-02	Jujutsu Kaisen 02	2022	Di antara jenis buku lainnya, komik memang disukai oleh semua kalangan mulai dari anak kecil hingga orang dewasa. Alasan komik lebih disukai oleh banyak orang karena disajikan dengan penuh dengan gambar dan cerita yang mengasyikan sehingga mampu menghilangkan rasa bosan di kala waktu senggang. Komik seringkali dijadikan sebagai koleksi dan diburu oleh penggemarnya karena serinya yang cukup terkenal dan kepopulerannya terus berlanjut sampai saat ini. Dalam memilih jenis komik, ada baiknya perhatikan terlebih dahulu ringkasan cerita komik di sampul bagian belakang sehingga sesuai dengan preferensi pribadi pembaca.\r\n\r\nKomik Jujutsu Kaisen 2 karya Gege Akutami menjadi salah satu komik yang wajib untuk diikuti. Sebuah kutukan yang menyerupai janin tiba-tiba muncul di lapas anak pria. Itadori dan murid tahun pertama lainnya diutus untuk menyelamatkan orang-orang yang masih berada di lapas tersebut. Akan tetapi, janin yang telah bermetamorfosis menjadi kutukan tingkat tinggi itu melancarkan serangannya sehingga Itadori dkk berada dalam bahaya. Itadori kemudian bertukar dengan Sukuna untuk mengalahkan kutukan tersebut, tapi...!? Yuk, mulai ikuti dan simak serial komik ini dengan konsep pertarungan unik dan epik.	3	5	9786230024399_Jujutsukaisen_2.jpg	9786230024399_Jujutsukaisen_2.jpg	32000	100
13	2024-03-05 23:51:30.169483+07	2024-03-05 23:51:30.169483+07	harry-potter-dan-tawanan-azkaban	Harry Potter dan Tawanan Azkaban	2017	Novel Harry Potter dan Tawanan Azkaban merupakan terjemahan Bahasa Indonesia dari novel Harry Potter and The Prisoner of Azkaban, novel ketiga seri Harry Potter yang ditulis oleh J.K. Rowling. Novel ini mengisahkan tentang Harry yang berusaha menghindari Sirius Black, penyihir jahat yang baru kabur dari penjara Azkaban.\r\n\r\nSirius Black yang kabur dari penjara Azkaban ternyata mengincar Harry dan membuat Kementrian Sihir mengirimkan Dementor dari Azkaban untuk berpatroli di Hogwarts. Saat tahun ketiga Harry bersekolah, ia mendapatkan ancaman maut dan akhirnya ia mengetahui fakta baru tentang masa lalunya. Ia juga bertemu dan bertatap muka dengan pelayan Pangeran Kegelapan yang paling setia.\r\n\r\nSinopsis Buku\r\n\r\nKetika Bus Ksatria membelah kegelapan malam dan berhenti mendadak di hadapan Harry Potter, maka dimulailah tahun ajaran berikutnya di Hogwarts yang jauh dari biasa-biasa saja.\r\n\r\nSirius Black, pembunuh massal dan pengikut Lord Voldemort, kabur dari penjara Azkaban— dan konon dia memburu Harry.\r\n\r\nPada pelajaran Ramalan pertama, Profesor Trelawney melihat terawangan kematian dalam ampas teh anak itu...\r\n\r\nNamun, tak ada yang lebih menakutkan daripada para Dementor, sosok-sosok pengisap jiwa, yang gentayangan di sekeliling sekolah.	1	7	9786020342733_harry-potter-dan-tawanan-azkaban-_harry-potter-and-the-prisoner-of-azkaban_-cover-baru.jpg	9786020342733_harry-potter-dan-tawanan-azkaban-_harry-potter-and-the-prisoner-of-azkaban_-cover-baru.jpg	136000	100
14	2024-03-05 23:53:03.031505+07	2024-03-05 23:53:03.031505+07	harry-potter-dan-kamar-rahasia	Harry Potter dan Kamar Rahasia	2017	Buku Harry Potter dan Kamar Rahasia merupakan terjemahan Bahasa Indonesia dari buku Harry Potter and the Chamber of Secrets, buku kedua seri Harry Potter yang ditulis oleh J.K. Rowling. Buku ini mengisahkan tentang kepulangan Harry pada liburan musim panas.\r\n\r\nHarry bertemu Dobby, makhluk aneh setengah manusia yang memberitahu Harry untuk tidak kembali ke Hogwarts dengan alasan keselamatan. Namun, Harry menghiraukan saran Dobby dan memutuskan tetap kembali ke Hogwarts. Naasnya, perkataan Dobby berubah menjadi kenyataan. Harry mengalami kejadian aneh di Hogwarts. Ia memutuskan untuk memecahkan teka-teki itu.\r\n\r\nSinopsis Buku\r\n\r\n"Banyak yang dialami Harry Potter pada libur musim panasnya kali ini, di antaranya: ulang tahun paling payah, aneka peringatan menyeramkan dari peri-rumah bernama Dobby, dan kabur naik mobil terbang dari rumah keluarga Dursley bersama sahabatnya, Ron Weasley!\r\n\r\nSekembalinya di Sekolah Sihir Hogwarts, Harry mendengar berbagai bisikan aneh menggema di koridor-koridor kosong—lalu serangan-serangan pun mulai. Para murid ditemukan dalam keadaan membatu...\r\n\r\nPeringatan mengerikan Dobby seolah jadi kenyataan."	1	7	9786020339184_harry-potter-dan-kamar-rahasia-cover-baru.jpg	9786020339184_harry-potter-dan-kamar-rahasia-cover-baru.jpg	110400	100
10	2024-03-05 23:45:54.754344+07	2024-03-06 01:38:23.164631+07	jujutsu-kaisen-01	Jujutsu Kaisen 01	2022	Disclaimer\r\nCerita dalam komik ini mengandung materi yang diperuntukkan untuk pembaca 13 tahun keatas. Tidak dianjurkan untuk dibaca anak-anak di bawah umur 13 tahun.\r\n\r\nJujutsu Kaisen adalah sebuah seri manga shounen asal Jepang yang ditulis dan diilustrasikan oleh Gege Akutami. Manga ini dimuat berseri dalam majalah Weekly Shounen Jump terbitan Shueisha sejak Maret 2018, dan telah diterbitkan menjadi dua puluh volume tankobon per Agustus 2022.\r\n\r\nYuuji Itadori adalah seorang siswa SMA dengan atletisitas yang tidak wajar yang tinggal di Sendai bersama kakeknya. Ia sering menghindari Klub Lari karena keengganannya pada bidang atletik, meskipun dia memiliki bakat bawaan untuk olahraga tersebut. Sebaliknya, dia memilih untuk bergabung dengan Klub Penelitian Ilmu Gaib, agar dirinya dapat bersantai dan bergaul dengan para seniornya. Setiap hari, Yuuji meninggalkan sekolah pada pukul 17.00 untuk mengunjungi kakeknya di rumah sakit. Ketika dia mengunjunginya, kakeknya memberikan dua pesan kuat kepada Yuuji, yaitu "selalu membantu orang" dan "mati dikelilingi orang". Setelah kematian kakeknya, Yuuji menafsirkan pesan-pesan tersebut sebagai satu pernyataan bahwa setiap orang berhak mendapatkan "kematian yang layak".\r\n\r\nSinopsis\r\nYuuji Itadori seorang murid SMA dengan kemampuan atletik yang luar biasa. Kesehariannya adalah menjenguk kakeknya yang terbaring di rumah sakit. Suatu hari, segel "objek terkutuk" yang berada di sekolahnya terlepas, monster-monster pun mulai bermunculan. Yuji menyusup ke dalam gedung sekolah demi menolong senior di klubnya, akan tetapi...!?	3	5	9786230022180_Jujutsukaisen_1.jpg	9786230022180_Jujutsukaisen_1.jpg	32000	100
12	2024-03-05 23:49:38.175405+07	2024-03-06 00:59:11.299221+07	harry-potter-dan-batu-bertuah	Harry Potter dan Batu Bertuah	2017	Seumur hidup, Harry Potter tidak pernah berurusan dengan sihir. Dia tinggal bersama keluarga Dursley yang kejam dan Dudley, putra mereka yang menyebalkan. Kamar Harry cuma lemari sempit di kolong tangga, dan selama sebelas tahun, ulang tahunnya tak pernah dirayakan. Namun, tiba-tiba datang burung hantu membawa surat misterius: surat berisi undangan ke tempat menakjubkan bernama Sekolah Sihir Hogwarts. Dan di sana bukan hanya ada banyak teman, pertandingan olahraga naik sapu terbang, dan sihir dalam segala hal dari pelajaran sampai makanan tapi juga ada takdir luar biasa yang sudah lama menantinya. Jika Harry mampu bertahan hidup.\r\n\r\nHarry Potter, hampir seluruh orang di dunia mengenal tokoh anak laki-laki penyihir ini. Jika kamu adalah salah satu penggemar Harry Potter, buku yang satu ini tentu menarik perhatian kamu. Banyak pelajaran yang bisa di dapat dalam novel ini, keseruan dan humornya pun membuat novel ini semakin unggul. Alur ceritanya sangat menarik dan ada banyak mantra yang menarik juga bagi kamu yang mungkin ingin mencoba melafalkannya seolah-olah kamu adalah salah satu penyihir dari dunia Harry Potter. Novel ini semakin dibuat menarik karena persahabatan antara Harry, Ron dan Hermione yang kuat, terutama di detik-detik kesanggupan mereka untuk menggagalkan rencana besar yang jahat. Cerita novel yang menegangkan, dapat membuat jantung berdebar-debar tetapi tetap dapat menghibur para pembaca dengan sisipan humor didalamnya.	1	7	9786020337647_harry-potter-dan-batu-bertuah-cover-baru.jpg	9786020337647_harry-potter-dan-batu-bertuah-cover-baru.jpg	102400	100
15	2024-03-06 01:00:40.753433+07	2024-03-06 01:00:40.753433+07	harry-potter-dan-pangeran-berdarah-campuran	Harry Potter dan Pangeran Berdarah Campuran	2017	Novel Harry Potter dan pangeran berdarah campuran dirilis pada tanggal 8 Januari 2006 untuk versi bahasa Indonesia, sedang versi bahasa Inggris dirilis pada tanggal 16 Januari 2005 dengan judul Harry Potter and The Half Blood Prince adalah buku keenam dari tujuh novel yang direncanakan mengenai kisah populer karya J. K. Rowling.\r\nKisah ini dilatarbelakangi pada waktu Harry Potter berada pada tahun keenam sekolahnya di Hogwarts. Novel ini mengisahkan masa lalu Lord Voldemort dan persiapan Harry Potter untuk pertarungan terakhir.\r\n\r\nSinopsis\r\nKetika pada suatu malam musim panas Dumbledore tiba di Privet Drive untuk menjemput Harry Potter, tangannya yang memegang tongkat sihir tampak menghitam dan mengerut, namun dia tidak menceritakan penyebabnya. Rahasia dan kecurigaan menyebar di dunia sihir, dan Hogwarts sendiri tidak aman. Harry yakin Malfoy memiliki Tanda Kegelapan: ada Pelahap Maut di antara mereka. Harry akan membutuhkan sihir kuat dan teman-teman sejati saat dia menyelidiki rahasia-rahasia terkelam Voldemort, dan Dumbledore mempersiapkannya untuk menghadapi takdir	1	7	9786020377414_Harry-Potter-dan-Pangeran-Berdarah-Campuran-Harry-Potter-and-The-Half-Blood-Prince.jpg	9786020377414_Harry-Potter-dan-Pangeran-Berdarah-Campuran-Harry-Potter-and-The-Half-Blood-Prince.jpg	200000	100
16	2024-03-06 01:01:45.633422+07	2024-03-06 01:01:45.633422+07	harry-potter-dan-piala-api	Harry Potter dan Piala Api	2017	Harry Potter dan Piala Api karya J. K. Rowling merupakan rangkaian novel keempat dalam seri Harry Potter. Dalam cerita kali ini Harry dan kawan-kawannya memasuki tahun keempat di sekolah sihir Hogwarts. Harry dikejutkan dengan namanya yang didaftarkan pada Turnamen Triwizard. Novel ini juga telah diadaptasi ke versi film dengan judul Harry Potter and The Goblet of Fire.\r\n\r\nSinopsis buku\r\n\r\nDi Hogwarts, Profesor Dumbledore mengumumkan bahwa Alastor "Mad-Eye" Moody menjadi guru Pertahanan Terhadap Ilmu Hitam yang baru. Hogwarts akan menjadi tuan rumah Turnamen Triwizard. Hanya para penyihir berusia tujuh belas tahun ke atas yang boleh ikut—namun Harry tetap berkhayal menjadi juara dalam kompetisi itu.\r\n\r\nLalu pada Halloween, ketika Piala Api melakukan seleksi, Harry kaget saat dirinya terpilih. Dia harus melaksanakan tugas-tugas yang menantang maut, menghadapi naga-naga dan para penyihir Hitam. Tetapi, dengan bantuan para sahabat baiknya, Ron dan Hermione, dia mungkin akan berhasil—dan bertahan hidup.	1	7	9786020342726_harry-potter-dan-piala-api-cover-baru.jpg	9786020342726_harry-potter-dan-piala-api-cover-baru.jpg	204000	100
17	2024-03-06 01:03:02.929628+07	2024-03-06 01:03:02.929628+07	harry-potter-dan-orde-phoenix	Harry Potter dan Orde Phoenix	2017	Tidak banyak penyihir yang percaya (atau mau percaya) bahwa Voldermort telah kembali, termasuk Kementerian Sihir. Harry dan Dumbledore dianggap menyebar kabar bohong dan dianggap terganggu jiwanya. Meskipun demikian, masih banyak orang yang percaya pada Dumbledore, dan merek inilah yang tergabung dalam Orde Phoenix. Namun, karena situasi belum memungkinkan, mereka bergerak secara diam-diam untuk menghindari kecurigaan dari Kementerian. Mereka menggunakan kediaman Sirius, Grimmauld Place nomor 12 sebagai Markas Besar sehingga Sirius tidak lagi dalam pelarian, tapi tetap bersembunyi karena pihak kementrian masih mencarinya.\r\n\r\nSementara itu, Harry yang diawasi siang-malam (tanpa sepengetahuannya) oleh anggota Orde, semakin sering mengalami sakit pada bekas lukanya. Sekembalinya ke Hogwarts, Harry menghadapi persidangan karena mengeluarkan sihir di dunia Muggle dan emosinya sering tak terkendali. Pada suatu malam ia dikejutkan dengan hadirnya dementor di Privet Drive yang hendak menyerang dirinya dan Dudley. Untunglah ia berhasil menghasilkan patronus untuk melawan mereka. Namun, akibat dari hal ini, dia nyaris diusir oleh pamannya karena dikira menyerang Dudley menghadapi persidangan di Kementerian Sihir dan terancam dikeluarkan dari Hogwarts.\r\n\r\nHarry tidak sendirian: di Grimmauld Place berkumpul orde rahasia untuk melawan kekuatan gelap. Harry harus mengizinkan Profesor Snape mengajarinya cara melindungi diri dari rentetan serangan brutal Voldemort dari benaknya. Namun, serangan-serangan itu makin ganas dan Harry kehabisan waktu. Apakah Harry berhasil melakukan perlindungan diri? Apa yang akan terjadi dengan anggota Orde?	1	7	9786020361314_harry-potter_5_harry-potter-dan-orde-phoenix-cover-baru.jpg	9786020361314_harry-potter_5_harry-potter-dan-orde-phoenix-cover-baru.jpg	239200	100
18	2024-03-06 01:04:48.791002+07	2024-03-06 01:04:48.791002+07	pemrograman-python-untuk-ilmu-komputer-dan-teknik	Pemrograman Python Untuk Ilmu Komputer Dan Teknik	2018	Bahasa pemrograman python adalah salah satu jenis yang banyak digunakan saat kamu berkutik dengan data. Namun tidak hanya pada pengolahan data saja, python juga bisa digunakan untuk mengatur infrastruktur sebuah website.\r\n\r\nPython merupakan bahasa pemrograman yang paling populer saat ini terutama untuk scientific computing. Bahasa pemrograman Python sangat dibutuhkan oleh para mahasiswa, software developer, akademisi, dan peneliti di bidang Computer Science, Statistik dan Engineering.\r\n\r\nMenjadi bahasa pemrograman yang sangat populer di kalangan para programmer, python pertama kali dikenalkan kepada publik pada tahun 1991 oleh programmer komputer berkebangsaan Belanda, yakni Guido van Rossum.\r\n\r\nPria yang kini tinggal di California, Amerika Serikat ini pada awalnya menciptakan bahasa pemrograman python karena ingin mengisi waktu luangnya ketika kantor tempat dirinya bekerja harus tutup sementara untuk merayakan liburan natal. Namun, siapa sangka, proyek yang dirinya kerjakan saat itu memberikan dampak besar pada dunia pemrograman hingga saat ini.\r\n\r\nMateri yang diberikan dalam buku ini merupakan materi terkini dan dapat dijadikan pegangan untuk memulai riset di bidang:\r\n- Pemrograman Python\r\n- Computer dan Machine vision\r\n- Kecerdasan Buatan\r\n- information retrieval dan NLP\r\n- speech recognition dan robot vision.	4	8	PEMROGRAMAN_PYTHON_UNTUK_ILMU_KOMPUTER_DAN_TEKNIK.jpg	PEMROGRAMAN_PYTHON_UNTUK_ILMU_KOMPUTER_DAN_TEKNIK.jpg	49500	100
20	2024-03-06 01:08:25.095675+07	2024-03-06 01:08:25.095675+07	anggara-kasih	Anggara Kasih	2023	Aruna merasa dirinya berada di puncak karier ketika baru ditunjuk sebagai branch manager. Namun, satu per satu rekan kerja Aruna menghilang, termasuk branch manager sebelumnya, Pak Arifin. Semua bukti dan tudingan meng-; arah kepada Aruna. Namun, Aruna bersikeras bahwa dia merupakan korban penculikan.\r\n\r\nJemmi meragukan penyebab kematian Pak Arifin yang ganjil, terlebih ketika kuburannya dibongkar dan tengkoraknya diambil oleh orang tidak dikenal. Sebagal polisi. Jemmi bertekad mengungkap kasus yang menimpa teman masa kecilnya sekaligus cinta pertamanya.\r\n\r\nSatu hal yang diyakini Jemmi adalah, semua kematian di sekitar Aruna berkaitan dengan ritual pesugihan Anggara Kasih.\r\n\r\nBukankah seharusnya hamparan kebun teh bisa men datangkan ketenangan jiwa sekali pun tertutup oleh gelap malam? Ataukah daun-daun teh ini jadi ribuan saksi bisu bagaimana jiwa-jiwa yang tenang itu harus meluap karena nafsu manusia\r\n\r\nSelling Point:\r\n1. Merupakan naskah novel dari Gramedia Writing Project.\r\n2. Novel dengan narasi thriller yang kuat, penulisannya pun rapi, dan penyebaran motif setiap tokohnya, memantik untuk terus membaca sampai akhir, dan mempunyai plotwist yang mengejutkan.\r\n3. Penulis aktif di media sosial, novel debutnya, Nun Mati, masuk sebagai nominasi kategori Best Mystery Novel dalam ajang Scarlet Pen Award`s 2023.	5	10	ckcwotdfj5z26odakmwgr2.jpg	ckcwotdfj5z26odakmwgr2.jpg	79200	100
21	2024-03-06 01:10:05.906673+07	2024-03-06 01:10:05.906673+07	the-monk-who-sold-his-ferrari-perjalanan-mencari-kebahagiaan-hidup-sejati	The Monk Who Sold His Ferrari: Perjalanan Mencari Kebahagiaan Hidup Sejati	2022	Alkisah, seorang pengacara terkenal dan sukses di Amerika mengalami serangan jantung di ruang sidang akibat gaya hidup yang tidak seimbang yang menjadi salah satu fase terpenting dalam hidupnya ketika ia mempertanyakan makna hidupnya. Untuk mencari kebahagiaan dan kesempurnaan, ia bahkan rela menukar semua harta dan kemewahannya dengan kehidupan sederhana yang penuh makna di pegunungan Himalaya. Usahanya tidak sia-sia, tak lama berselang Julian seolah terlahir kembali berkat sebuah rahasia yang mampu memaksimalkan potensi dalam pikiran, tubuh, dan jiwanya dengan luapan semangat perdamaian. Secara cerdas menggabungkan kebijaksanaan spiritual abadi dari Timur dengan prinsip-prinsip terbaru dari Barat, Robin Sharma mampu menunjukkan kepada Anda langkah-langkah menuju kebahagiaan dengan keyakinan, keseimbangan, kelimpahan, dan kegembiraan yang lebih besar. Langkah-langkah tersebut disusun dalam bentuk Tujuh Kebajikan Abadi untuk Pencerahan Hidup, yaitu:\r\n1. Kuasai pikiran Anda\r\n2. Ikuti tujuan Anda\r\n3. Latihan Kaizen\r\n4. Hidup dengan disiplin\r\n5. Hargai waktu Anda\r\n6. Melayani orang lain tanpa mementingkan sendiri\r\n7. Nikmati saat ini mungkin saat ini Anda sudah paham betul siapa diri Anda dan tujuan hidup Anda, tidak ada salahnya meluangkan waktu untuk membaca buku ini guna mendapatkan kebahagian hidup sejati.	5	11	Cover_The_Monk_Who_Sold_His_Ferrari.jpg	Cover_The_Monk_Who_Sold_His_Ferrari.jpg	100000	100
\.


--
-- Data for Name: produk_penerbit_buku; Type: TABLE DATA; Schema: public; Owner: postgres
--

COPY public.produk_penerbit_buku (id, created, updated, slug, penerbit, instansi, tentang_penerbit, logo_penerbit) FROM stdin;
3	2024-02-16 01:30:03.24022+07	2024-03-01 11:28:32.724652+07	pt-elex-media-komputindo	ELEX MEDIA KOMPUTINDO	PT. Elex Media Komputindo	PT Elex Media Komputindo adalah sebuah perusahaan penerbit di Indonesia yang mengkhususkan diri dalam penerbitan buku, komik, majalah, novel, dan media cetak lainnya. Didirikan pada tanggal 15 Januari 1985, Elex Media Komputindo merupakan salah satu anak perusahaan dari Kompas Gramedia Group. Kantor pusatnya berada di Tanah Abang, Jakarta Pusat.\r\n\r\nElex Media Komputindo dikenal sebagai pelopor penerbitan manga di Indonesia, dan sekarang merupakan salah satu penerbit komik terbesar di Indonesia.	elex_media_komputindo_logo.png
1	2024-02-16 01:29:19.421272+07	2024-03-01 11:29:29.194974+07	pt-gramedia-pustaka-utama	GRAMEDIA	PT Gramedia Pustaka Utama	Didirikan tahun 1974, Gramedia Pustaka Utama merupakan bagian dari Kompas Gramedia, jaringan media terbesar di Indonesia. Fokus terbitannya kepada 12 bidang utama: Fiksi Dewasa, Fiksi Remaja, Fiksi Anak, Sastra - Literatur, Bisnis Ekonomi, Social Science, Pengembangan Diri, Kamus & Referensi, Boga, serta Busana & Kecantikan.\r\n\r\nSelama lebih dari 40 tahun penerbit Gramedia Pustaka Utama telah menjadi rumah bagi banyak penulis dan buku-buku terbaik di Indonesia. Beberapa nama penulis seperti Ahmad Tohari, Eka Kurniawan, Ahmad Fuadi, Marga T., Alberthiene Endah, Clara Ng., Agustinus Wibowo, Hermawan Kertajaya, Franz Magnis-Suseno, serta penulis internasional seperti Enid Blyton, Paulo Coelho, J.K. Rowling, Agatha Christie, J.R.R. Tolkien, Malcolm Gladwell, Dale Carnegie mempercayakan karyanya untuk selalu diterbitkan melalui Gramedia Pustaka Utama.\r\n\r\nKarya-karya terbitan Gramedia Pustaka Utama juga telah berhasil meraih berbagai penghargaan, baik nasional maupun internasional, di antaranya Kusala Sastra Khatulistiwa, Penghargaan IKAPI, Islamic Book Award, Anugerah Pembaca Indonesia, Gourmand World Cookbook Awards, Liberaturpreis Jerman, World Reader's Award, hingga dinominasikan dalam penghargaan Man Booker International Prize.\r\n\r\nDi samping itu, Gramedia Pustaka Utama juga selalu mendukung berbagai kegiatan pengembangan literasi di Indonesia dan Asia Tenggara, dengan berpartisipasi aktif dalam Ubud Writers & Readers Festival, Makassar International Writers Festival, ASEAN Literary Festival, serta Singapore International Writers Festival.\r\n\r\nSaat ini, dengan lebih dari 30 ribu judul buku yang telah diterbitkan serta jalinan kerjasama dengan lebih dari 200 penerbit asing terkemuka dari AS, Belanda, Jerman, Belgia, Brasil, Denmark, Hong Kong, India, Inggris, Italia, Jepang, Jerman, Kanada, Malaysia, dan Swis, Gramedia Pustaka Utama telah berhasil mengukuhkan posisinya sebagai salah satu penerbit buku terbaik di Indonesia.\r\n\r\nDi masa depan Gramedia Pustaka Utama berkomitmen untuk tetap berusaha menjadi agen pembaruan bagi bangsa: memilih dan memproduksi buku-buku yang berkualitas, yang  memperluas wawasan, memberikan pencerahan, dan merangsang kreativitas berpikir, dengan dukungan teknologi.	gramedia-pustaka-utama.png
2	2024-02-16 01:29:38.734888+07	2024-03-01 11:30:15.059214+07	penerbit-informatika	INFORMATIKA	Penerbit Informatika	Penerbit Informatika\r\nAlamat: Jl. Buah Batu, Malabar, Kec. Lengkong, Kota Bandung, Jawa Barat 40264\r\nTelepon: 0813-2220-1946	penerbit-Informatika.png
4	2024-03-06 00:21:21.435664+07	2024-03-06 00:21:21.435664+07	cv-andi-offset	ANDI OFFSET	CV. Andi Offset	Penerbit Andi merupakan perusahaan yang bergerak di bidang Penerbit dan Percetakan. Perusahaan ini didirikan di Yogyakarta oleh Bapak JH Gondowijoyo pada tanggal 4 Januari 1980. Saat ini kami ada di 22 propinsi di Indonesia, dengan jumlah 30 cabang. Rencana kami akan memperluas pasar di daerah yang belum terjangkau.\r\n\r\nJl. Beo No.38-40, Mrican, Caturtunggal, Kec. Depok, Kabupaten Sleman, Daerah Istimewa Yogyakarta 55281	1662620119.jpeg
5	2024-03-06 00:39:23.974902+07	2024-03-06 00:39:23.974902+07	bhuana-ilmu-populer	BIP	Bhuana Ilmu Populer	Bhuana Ilmu Populer (BIP) yang berdiri pada tanggal 22 September 1992 bergerak di bidang penerbitan. BIP tumbuh menjadi salah satu penerbitan besar di Indonesia yang berada di bawah Kompas Gramedia. Selain menjadi penerbit yang menerbitkan buku untuk dipublikasikan secara luas, BIP juga menjadi co-publishing bagi penulis/institusi yang membutuhkan jasa menulis atau mencetak buku. Presiden Indonesia saat ini, Bapak Joko Widodo, dan mantan presiden Indonesia, Bapak Susilo Bambang Yudhoyono, merupakan salah satu pengguna jasa co- publishing BIP.\r\n\r\nBIP lebih berfokus pada penerbitan buku anak, seperti edukomik, dongeng, picture book, dan buku aktivitas bagi balita dan anak-anak. Namun, BIP juga tidak mengesampingkan buku-buku nonfiksi yang bertema kesehatan, bisnis, kepemimpinan, motivasi, self-help, dan buku penunjang sekolah. Setiap tahun, BIP menerbitkan lebih dari 300 judul buku yang 60%-nya merupakan buku anak. BIP mempunyai imprint yang menerbitkan buku dengan kategori khusus, yaitu Bhuana Sastra untuk novel, Genta untuk buku kristen, dan Qibla untuk buku islam.\r\n\r\nSejak tahun 2004, BIP melebarkan sayap dengan menerbitkan produk geospasial, contohnya atlas dan peta panduan perjalanan. BIP memiliki tim cartographer yang bekerja sama dengan pemerintah atau lembaga swasta untuk memetakan kota-kota besar, seperti Jakarta, Surabaya, dan Bali. Selain itu, BIP juga menyediakan peta perjalanan wisata. Setelah lebih dari 10 tahun menjalankan lini peta ini, sekarang, BIP terkenal sebagai penyedia data geospasial akurat kota besar di Indonesia. Banyaknya permintaan di bidang digital, BIP pun ikut mengembangkan peta digital.\r\n\r\nDengan slogan “Passion for Knowledge”, BIP mendedikasikan diri untuk menerbitkan buku-buku yang membantu orang-orang untuk belajar sendiri. Karena pembaca utamanya adalah anak-anak, BIP dengan serius dan hati-hati dalam menciptakan buku anak berkualitas tinggi. BIP sangat menyadari ada sebuah pertanggungjawaban dalam mendidik generasi muda untuk mempersiapkan mereka membangun masyarakat intelektual yang lebih baik di masa depan.\r\n\r\nPerhatian BIP dalam mendidik generasi muda dengan buku-buku anak berkualitas tinggi melahirkan sebuah program amal yang disebut Books for Friend (BFF). Melalui program ini, BIP mendonasikan Rp100 dari setiap buku terjual untuk menyediakan buku-buku ke tempat baca atau perpustakaan umum kecil di daerah terpencil di Indonesia. BFF membuat BIP dapat menjangkau anak-anak yang tidak mampu membeli buku untuk dibaca. Ini merupakan usaha BIP dalam berbagi pengetahuan terhadap anak yang kurang mampu. BIP percaya setiap anak berhak untuk mendapatkan pengetahuan baik yang kaya maupun yang miskin.\r\n\r\nSebagai sebuah perusahaan yang berada di bawah naungan Kompas Gramedia, BIP mempunyai keistimewaan untuk men-display buku-buku terbitannya di 107 gerai toko buku Gramedia di seluruh Indonesia. Selain di toko buku Gramedia, buku-buku BIP juga tersedia di gerai modern lainnya. Untuk menjangkau semua kalangan, BIP menjual buku digital di Scoop dan Gramediana, yang merupakan toko buku digital terkemuka di Indonesia. Agar tidak ketinggalan tantangan di dunia digital saat ini, BIP selalu berada di garis depan dalam berinovasi dengan menggunakan teknologi digital untuk menciptakan pengalaman membaca yang unik.\r\n\r\nBIP akan terus memperluas pasar dengan membangun kerja sama internasional, salah satunya dengan selalu mengunjungi pameran buku internasional, seperti Frankfurt Book Fair, Bologna Children Books Fair, Seoul Book Fair, London Book Fair, Beijing Book Fair, dan Bucheon International Comic Festival. Beberapa copyright buku anak BIP telah terjual ke Vietnam, Malaysia, dan India. Buku-buku tersebut adalah buku lokal yang ditulis oleh penulis buku anak Indonesia. Kerja sama ini memperkuat identitas BIP sebagai penerbit buku anak terkemuka di Indonesia.	Logo-BHUANA-ILMU-POPULER-313.jpg
\.


--
-- Data for Name: produk_penulis_buku; Type: TABLE DATA; Schema: public; Owner: postgres
--

COPY public.produk_penulis_buku (id, created, updated, slug, nama_penulis, nama, tentang_penulis) FROM stdin;
1	2024-02-16 01:22:23.844064+07	2024-02-16 01:23:36.244222+07	ellen-may	Ellen May	Ellen May	Ellen May adalah seorang praktisi pasar saham (trader dan investor) sekaligus entrepreneur. Keberhasilannya dalam dunia trading saham tidak terjadi seketika, tetapi melalui proses panjang yang berawal dari pelajaran berharga yang dia alami saat krisis 2008.\r\n\r\nSeiring berjalannya waktu, dia menyadari bahwa tak sedikit orang yang sebenarnya membutuhkan bimbingan dalam trading dan investasi saham. Karena itu, dia mendedikasikan diri untuk membagi pengetahuan agar masyarakat Indonesia bisa menjadi lebih sejahtera melalui pasar modal.\r\n\r\nEdukasi yang dia sampaikan melalui buku Smart Traders Not Gamblers dan Smart Traders Rich Investor mendapat sambutan luar biasa dari praktisi pasar modal dan investor saham. Kedua buku tersebut hadir dengan gaya bahasa yang mudah dipahami serta pengetahuan praktis yang langsung bisa diterapkan oleh pembaca.
3	2024-02-16 01:26:05.204199+07	2024-02-16 01:26:05.204199+07	suyanto	Suyanto	Prof. Dr. Suyanto, S.T., M.Sc.	Lahir di Jombang, Jawa Timur, pada tanggal 03 Desember 1974. Meraih gelar Sarjana Teknik dari Departemen Teknik Informatika STT Telkom (sekarang Telkom University), Bandung. pada tahun 1998. Menjadi dosen di departemen tersebut sejak tahun 1999 untuk mata kuliah Artificial Intelligence, Swarm Intelligence, Evolutionary Computation, Soft Computing, Machine Learning, Advanced Machine Learning, dan Advanced Data Science. Pada tahun 2006 mendapatkan gelar Master of Science bidang Complex Adaptive Systems dari Chalmers University of Technology, Göteborg, Swedia. Pada tahun 2016 mendapatkan gelar Doktor di bidang Ilmu Komputer dari Universitas Gadjah Mada (UGM), Yogyakarta, Indonesia. Pada tahun 2021 mendapatkan jabatan akademik Guru Besar bidang Kecerdasan Buatan. Sejak tahun 1999 hingga sekarang aktif melakukan penelitian di bidang Artificial Intelligence, Machine learning, Big Data Analytics, Indonesian Computational Linguistics, Speech Processing, Data Mining, Evolutionary Computation, Swarm Intelligence, dan Soft Computing. Telah menghasilkan sebelas buku teks, di antaranya adalah: Artificial Intelligence: Searching, Reasoning, Planning and Learning, 2007; Swarm Intelligence: Komputasi Modern untuk Optimasi dan Big Data Mining, 2017; Machine Learning: Tingkat Dasar dan Lanjut, 2018; dan Explainable Artificial Intelligence Menggunakan metode metode Berbasis Nearest Neighbors, 2022.
4	2024-02-16 01:27:41.610141+07	2024-02-16 01:27:41.610141+07	rosa-ariani-sukamto	Rosa Ariani Sukamto	Rosa Ariani Sukamto, S.Kom., M.Kom.	Penulis adalah alumni Teknik Informatika Institut Teknologi Bandung tahun 2005 dan alumni S2 Informatika Institut Teknologi Bandung tahun 2009. Saat ini penulis menjadi dosen serta peneliti di sebuah universitas negeri di Bandung. Penelitian yang dilakukan penulis banyak terfokus pada bidang Computing Education di mana meneliti cara-cara belajar yang baik bagi berbagai karakter manusia dalam memahami komputer khususnya di bidang pemrograman dan rekayasa perangkat lunak.\\r\\n\\r\\nTulisan penulis telah disitasi lebih dari 5000 kali selama beberapa tahun terakhir dan beberapa penelitian yang dilakukan penulis telah dipublikasikan secara internasional.
5	2024-02-16 01:28:09.233533+07	2024-02-16 01:53:24.027759+07	gege-akutami	Gege Akutami	Gege Akutami	Lorem ipsum dolor sit amet, consectetur adipiscing elit. Praesent feugiat varius nibh eu tincidunt. Pellentesque egestas elit ac blandit finibus. Maecenas eget aliquam arcu, vitae convallis arcu. Donec consequat sapien quis neque fermentum finibus. Pellentesque porttitor libero est, id venenatis arcu aliquet eget. Sed nec tellus lacinia, laoreet justo sit amet, faucibus neque. Donec ultricies ligula imperdiet convallis tempor.\r\n\r\nProin scelerisque tellus justo. Proin consequat suscipit dapibus. Donec mi velit, sagittis ac bibendum sed, varius a lacus. Fusce ac facilisis risus, a auctor mauris. Morbi nec ex pulvinar, pellentesque nisl sed, congue massa. Proin pharetra, felis sed dapibus vehicula, turpis purus viverra ipsum, sed iaculis nisi turpis ac sapien. Sed tristique lorem vel laoreet pharetra. Cras nec finibus risus. Sed varius commodo libero, ac pretium odio laoreet non. Nulla malesuada elementum iaculis. Donec mattis mauris nulla, eget rhoncus est interdum non. Proin enim risus, tristique nec turpis nec, facilisis tristique magna.\r\n\r\nIn elit enim, vulputate et sodales eget, lacinia in nisl. Duis vitae enim non sem tincidunt ullamcorper. Lorem ipsum dolor sit amet, consectetur adipiscing elit. Phasellus aliquet finibus tempor. Nullam quis velit tortor. Cras et dui sed libero aliquam elementum. Proin mauris elit, bibendum non nibh quis, sodales sodales ex. Ut non convallis odio. Nam suscipit faucibus scelerisque. In aliquet aliquam viverra. Donec pretium maximus augue, id dapibus magna tristique scelerisque.
6	2024-02-16 01:28:42.054782+07	2024-02-16 01:53:49.459619+07	rahmadya-trias-handayanto	Rahmadya Trias Handayanto	Rahmadya Trias Handayanto	Lorem ipsum dolor sit amet, consectetur adipiscing elit. Praesent feugiat varius nibh eu tincidunt. Pellentesque egestas elit ac blandit finibus. Maecenas eget aliquam arcu, vitae convallis arcu. Donec consequat sapien quis neque fermentum finibus. Pellentesque porttitor libero est, id venenatis arcu aliquet eget. Sed nec tellus lacinia, laoreet justo sit amet, faucibus neque. Donec ultricies ligula imperdiet convallis tempor.\r\n\r\nProin scelerisque tellus justo. Proin consequat suscipit dapibus. Donec mi velit, sagittis ac bibendum sed, varius a lacus. Fusce ac facilisis risus, a auctor mauris. Morbi nec ex pulvinar, pellentesque nisl sed, congue massa. Proin pharetra, felis sed dapibus vehicula, turpis purus viverra ipsum, sed iaculis nisi turpis ac sapien. Sed tristique lorem vel laoreet pharetra. Cras nec finibus risus. Sed varius commodo libero, ac pretium odio laoreet non. Nulla malesuada elementum iaculis. Donec mattis mauris nulla, eget rhoncus est interdum non. Proin enim risus, tristique nec turpis nec, facilisis tristique magna.
2	2024-02-16 01:24:12.927018+07	2024-02-16 01:52:55.412928+07	fathansyah	Fathansyah	Fathansyah	Lorem ipsum dolor sit amet, consectetur adipiscing elit. Praesent feugiat varius nibh eu tincidunt. Pellentesque egestas elit ac blandit finibus. Maecenas eget aliquam arcu, vitae convallis arcu. Donec consequat sapien quis neque fermentum finibus. Pellentesque porttitor libero est, id venenatis arcu aliquet eget. Sed nec tellus lacinia, laoreet justo sit amet, faucibus neque. Donec ultricies ligula imperdiet convallis tempor.\r\n\r\nProin scelerisque tellus justo. Proin consequat suscipit dapibus. Donec mi velit, sagittis ac bibendum sed, varius a lacus. Fusce ac facilisis risus, a auctor mauris. Morbi nec ex pulvinar, pellentesque nisl sed, congue massa. Proin pharetra, felis sed dapibus vehicula, turpis purus viverra ipsum, sed iaculis nisi turpis ac sapien. Sed tristique lorem vel laoreet pharetra. Cras nec finibus risus. Sed varius commodo libero, ac pretium odio laoreet non. Nulla malesuada elementum iaculis. Donec mattis mauris nulla, eget rhoncus est interdum non. Proin enim risus, tristique nec turpis nec, facilisis tristique magna.\r\n\r\nIn elit enim, vulputate et sodales eget, lacinia in nisl. Duis vitae enim non sem tincidunt ullamcorper. Lorem ipsum dolor sit amet, consectetur adipiscing elit. Phasellus aliquet finibus tempor. Nullam quis velit tortor. Cras et dui sed libero aliquam elementum. Proin mauris elit, bibendum non nibh quis, sodales sodales ex. Ut non convallis odio. Nam suscipit faucibus scelerisque. In aliquet aliquam viverra. Donec pretium maximus augue, id dapibus magna tristique scelerisque.
7	2024-03-05 23:38:41.495313+07	2024-03-05 23:55:57.337441+07	j-k-rowling	J. K. Rowling	Joanne Rowling	Joanne Kathleen Rowling, CH, OBE, FRCPE, FRSL (lahir 31 Juli 1965), dikenal dengan nama pena J. K. Rowling, adalah seorang penulis, filantropis, produser film, dan penulis skenario Inggris. Dia adalah penulis seri Harry Potter, yang telah memenangkan banyak penghargaan dan terjual lebih dari 500 juta kopi pada tahun 2018, dan pada 2008 menjadi seri buku anak-anak terlaris dalam sejarah. Buku-buku tersebut menjadi landasan diproduksinya seri film populer. Rowling juga menulis fiksi kriminal dengan nama pena Robert Galbraith.\r\n\r\nLahir di Yate, Gloucestershire, Rowling bekerja sebagai peneliti dan sekretaris dwibahasa untuk Amnesty International pada tahun 1990 ketika ia menyusun ide untuk seri Harry Potter saat berada di dalam kereta yang terlambat dari Manchester ke London. Selama tujuh tahun berikutnya, ia mengalami berbagai peristiwa, seperti kematian ibunya, kelahiran anak pertamanya, perceraian dengan suami pertamanya, dan hidup dalam kemiskinan sampai novel pertamanya, Harry Potter dan Batu Bertuah, diterbitkan pada tahun 1997. Novel tersebut dilanjutkan dengan enam sekuel, yang terakhir dirilis pada tahun 2007. Sejak saat itu, Rowling telah menulis beberapa buku untuk pembaca dewasa, antara lain Perebutan Kursi Kosong (2012), dan dengan nama samaran Robert Galbraith, ia menulis seri fiksi kriminal Cormoran Strike. Pada tahun 2020, buku "dongeng politik" karangannya, The Ickabog, dirilis dalam bentuk cerita bersambung secara daring.\r\n\r\nKehidupan Rowling berubah drastis, mulai dari hidup dengan mengandalkan tunjangan pemerintah sampai dinobatkan menjadi penulis miliarder pertama di dunia oleh Forbes. Forbes melaporkan bahwa Rowling kehilangan status miliardernya setelah menyumbangkan sebagian besar penghasilannya untuk amal. Total penghasilan dari penjualan buku-bukunya di Inggris melebihi £238 juta, menjadikannya sebagai penulis buku terlaris yang masih hidup di Inggris. Sunday Times memperkirakan kekayaan Rowling sebesar £820 juta pada tahun 2021, menjadikannya orang terkaya ke-196 di Inggris. Rowling dianugerahi Order of the Companions of Honor (CH) pada Tahun 2017 atas jasanya dalam bidang kesastraan dan filantropi. Ia mendirikan Volant Charitable Trust untuk membantu perempuan, anak-anak dan remaja yang kurang beruntung dan telah mendukung banyak badan amal, termasuk Comic Relief, Gingerbread, sejumlah yayasan sklerosis multipel dan penyakit coronavirus 2019 serta meluncurkan badan amalnya sendiri bernama Lumos.\r\n\r\nMajalah Time menempatkannya di posisi kedua Person of the Year 2007, menghargai inspirasi sosial, moral, dan politik yang ia berikan kepada para penggemarnya. Pada Oktober 2010, ia dinobatkan sebagai "Perempuan Paling Berpengaruh di Inggris" oleh The Guardian. Rowling turut menyuarakan pandangannya mengenai politik Inggris, ia khususnya menentang kemerdekaan Skotlandia dan Brexit, dan dikritik terkait hubungannya dengan media. Sejak akhir 2019, Rowling secara terbuka mengungkapkan pendapatnya tentang transgender dan hak-hak asasi mereka. Pandangannya ini dianggap transfobia oleh organisasi pendukung LGBT dan beberapa feminis, tetapi juga mendapat dukungan dari feminis dan tokoh lainnya.
8	2024-03-06 00:09:35.240595+07	2024-03-06 00:09:59.00801+07	widodo-budiharto	Widodo Budiharto	Prof. Dr. Ir. Widodo Budiharto, S.Si., M.Kom., IPM.	Prof. Dr. Ir. Widodo Budiharto, S.Si., M.Kom., IPM. Lahir di Tanjung Pinang pada tanggal 27 April 1977. Beliau menghabiskan masa kecilnya di Tanjung Pinang sebelum akhirnya memutuskan untuk melanjutkan studinya di Fisika Instrumentasi, Universitas Indonesia pada tahun 1995. Dalam masa studinya, beliau aktif di organisasi kelompok riset jurusan. Di tahun 2002, Prof. Widodo memulai perjalanan karirnya dengan bergabung bersama BINUS University dan pada tahun 2003 beliau meraih gelar Magister Komputer dari STT Benarif Indonesia di bidang Teknik Informatika dan melanjutkan program doktornya di Institut Teknologi Sepuluh Nopember pada tahun 2008. Perjalanan panjang tersebut berhasil mengantarkan Prof. Widodo menjadi seorang Guru Besar dan meraih gelar Profesor di Bidang Ilmu Kecerdasan Buatan pada Agustus 2017 lalu.\r\n\r\nSepanjang perjalanannya, beliau berhasil meraih hibah dan beasiswa ke mancanegara, antara lain dari Erasmus Mundus sebagai penerima scholar di Universite de Bourgogne (Perancis) pada tahun 2008, Peraih Hibah Kompetensi DIKTI 2015-2016, Peraih Hibah Visiting Professor Hosei University (Jepang), Peraih Hibah Ristek Insinas RI 2014, Peraih JASSO Scholarship, Peraih Sandwich PhD (Jepang), Peraih Hibah Summer School on Images and Robotics (Mexico-France) pada tahun 2009, Peraih Hibah Toray Science and Technology Research Grant pada tahun 2014 dan2016, serta pada awal tahun 2017 beliau berhasil menjadi peraih Grant FICEM Erasmus Mundus sebagai Profesor tamu di Universite de Lorraine, NRCS Inria, Prancis 2017.\r\n\r\nDengan segudang ilmu yang dimilikinya akan teknik informatika, beliau menyalurkan ilmu-ilmunya melalui tulisan-tulisan. Hingga saat ini beliau telah menulis 35 buku, puluhan jurnal dan paper internasional terakreditasi dan bereputasi. Tidak hanya menulis, beliau juga berperan sebagai pengajar di School of Computer Science, BINUS University. Berpedoman pada visi BINUS sebagai Universitas yang akan terus berinovasi, hingga saat ini beliau telah memiliki 9 buah produk diantaranya Kursi Roda Berbasis Pikiran “Ratanggalih” dan robot edukasi “BIMAX”. Keinginan besar beliau untuk membantu kaum difable dan meningkatkan kualitas pendidikan di Indonesia membuat beliau selalu mencoba menemukan inovasi terbaru yang kelak berguna bagi nusa dan bangsa.
9	2024-03-06 00:23:52.611079+07	2024-03-06 00:23:52.611079+07	jubilee-enterprise	Jubilee Enterprise	Jubilee Enterprise	Sejak 1999, Jubilee Enterprise telah menjadi market leader di industri publishing Indonesia. Buku cetak (Printed Book), yang menjadi produk unggulan kami, sudah banyak dijual di Toko Buku Gramedia seluruh Indonesia, serta telah membantu dan memberi ilmu pengetahuan yang original dan mudah dimengerti bagi semua keluarga, pelajar, dan pengusaha. Bicara tentang kuantitas, hampir 1000 judul buku telah diproduksi (sebagian besar bergenre Teknologi Informasi), sehingga membawa Jubilee Enterprise menjadi perusahaan terbesar di Indonesia untuk kategori industri penerbitan, bahkan untuk kawasan Asia Tenggara. Itu dapat berarti, ratusan ribu eksemplar buku yang ditulis dan diproduksi oleh Jubilee Enterprise telah beredar di masyarakat, tidak hanya di Indonesia namun hingga Malaysia, sehingga mengokohkan Jubilee sebagai salah satu pelaku industri teknologi informasi yang ikut mengembangkan dunia IT di tanah air. Prestasi ini dapat terwujud dengan baik karena kerja sama yang sangat erat dengan berbagai partner utama, seperti PT Elex Media Komputindo dan Kelompok Kompas Gramedia, serta dukungan berbagai pihak lainnya.
10	2024-03-06 00:47:31.437249+07	2024-03-06 00:47:31.437249+07	tian-topandi	Tian Topandi	Tian Topandi	Tian Topandi adalah seorang penulis novel dan skenario asal Indonesia. Ia lahir di Ciamis, Jawa Barat, pada tahun 1985. Ia menyelesaikan pendidikan sarjananya di Fakultas Ilmu Komunikasi Universitas Padjadjaran, Bandung.\r\nTopandi mulai menulis novel sejak tahun 2010. Novel pertamanya, berjudul "Journey", diterbitkan pada tahun 2016. Novel ini bercerita tentang seorang perempuan muda yang harus berjuang untuk menemukan jati dirinya.\r\nNovel kedua Topandi, berjudul "Nun Mati", diterbitkan pada tahun 2022. Novel ini bercerita tentang seorang prajurit TNI yang ditugaskan untuk menumpas pemberontakan Darul Islam di Ciamis. Di tengah perang, ia bertemu dengan seorang perempuan setengah waras yang memiliki kekuatan misterius.\r\nNovel "Nun Mati" berhasil memenangkan penghargaan Best Mystery Novel dalam ajang Scarlet Pen Awards 2022.
11	2024-03-06 00:57:01.882759+07	2024-03-06 00:57:01.882759+07	robin-sharma	Robin Sharma	Robin Sharma	Robin Sharma adalah seorang penulis Kanada, terkenal karena seri bukunya The Monk Who Sold His Ferrari. Sharma bekerja sebagai pengacara litigasi hingga usia 25 tahun, ketika ia menerbitkan sendiri MegaLiving (1994), sebuah buku tentang manajemen stres dan spiritualitas. Dia awalnya juga menerbitkan sendiri The Monk Who Sold His Ferrari, yang kemudian diambil untuk distribusi yang lebih luas oleh HarperCollins. Sharma telah menerbitkan 12 buku lainnya, dan mendirikan perusahaan pelatihan Sharma Leadership International.\r\n\r\nSharma berasal dari India. Dia memiliki gelar Master di bidang hukum. Awalnya, dia bekerja sebagai pengacara, tapi dia bilang dia tidak bisa menemukan kepuasan atau kedamaian di dalamnya. Sharma memulai karir menulisnya pada usia 25 tahun. Ia dikenal luas karena buku keduanya, The Monk Who Sold His Ferrari. Setelah buku keduanya sukses, dia berhenti dari karirnya sebagai pengacara dan menjadi penulis penuh waktu. Belakangan, ia juga menjadi populer sebagai pembicara publik. Dia berkonsultasi dengan CEO dan pemimpin perusahaan lainnya mengenai pertanyaan tentang motivasi karyawan. Ia juga mengadakan pelatihan untuk perusahaan seperti Nike, Microsoft, IBM, dan FedEx. Organisasi seperti Universitas Yale, Harvard Business School, dan NASA juga memanggilnya untuk memberikan pidato publik.
\.


--
-- Data for Name: produk_stationery; Type: TABLE DATA; Schema: public; Owner: postgres
--

COPY public.produk_stationery (id, created, updated, slug, nama_produk, gambar_produk, stok_barang, harga) FROM stdin;
1	2024-02-20 22:01:07.655586+07	2024-02-20 22:01:35.119426+07	ballpoint-faster-c600	Ballpoint Faster C600	ballpoint-faster-c600.jpg	200	21000
2	2024-02-20 22:01:56.952237+07	2024-02-20 22:01:56.952237+07	ballpoint-pilot-bpt-p	Ballpoint Pilot BPT-P	ballpoint-pilot-bptp.jpg	200	19800
3	2024-02-20 22:03:28.23071+07	2024-02-20 22:03:28.23071+07	isi-staples-max	Isi Staples MAX	isi-staples.jpeg	100	6250
4	2024-02-20 22:05:02.024441+07	2024-02-20 22:05:02.024441+07	pencil-2b-faber-castle	Pencil 2B Faber Castle	pencil-faber-castle-2b.jpg	150	31900
5	2024-02-20 22:06:40.986966+07	2024-02-20 22:06:40.986966+07	pencil-2b-staedler	Pencil 2B STAEDLER	pencil-staedler-2b.jpeg	70	38000
6	2024-02-20 22:08:03.814594+07	2024-02-20 22:08:03.814594+07	stapler-joyko-hd-10	Stapler JOYKO HD-10	stapler-joyko.jpg	50	10400
\.


--
-- Name: auth_group_id_seq; Type: SEQUENCE SET; Schema: public; Owner: postgres
--

SELECT pg_catalog.setval('public.auth_group_id_seq', 1, false);


--
-- Name: auth_group_permissions_id_seq; Type: SEQUENCE SET; Schema: public; Owner: postgres
--

SELECT pg_catalog.setval('public.auth_group_permissions_id_seq', 1, false);


--
-- Name: auth_permission_id_seq; Type: SEQUENCE SET; Schema: public; Owner: postgres
--

SELECT pg_catalog.setval('public.auth_permission_id_seq', 40, true);


--
-- Name: auth_user_groups_id_seq; Type: SEQUENCE SET; Schema: public; Owner: postgres
--

SELECT pg_catalog.setval('public.auth_user_groups_id_seq', 1, false);


--
-- Name: auth_user_id_seq; Type: SEQUENCE SET; Schema: public; Owner: postgres
--

SELECT pg_catalog.setval('public.auth_user_id_seq', 1, true);


--
-- Name: auth_user_user_permissions_id_seq; Type: SEQUENCE SET; Schema: public; Owner: postgres
--

SELECT pg_catalog.setval('public.auth_user_user_permissions_id_seq', 1, false);


--
-- Name: django_admin_log_id_seq; Type: SEQUENCE SET; Schema: public; Owner: postgres
--

SELECT pg_catalog.setval('public.django_admin_log_id_seq', 65, true);


--
-- Name: django_content_type_id_seq; Type: SEQUENCE SET; Schema: public; Owner: postgres
--

SELECT pg_catalog.setval('public.django_content_type_id_seq', 10, true);


--
-- Name: django_migrations_id_seq; Type: SEQUENCE SET; Schema: public; Owner: postgres
--

SELECT pg_catalog.setval('public.django_migrations_id_seq', 27, true);


--
-- Name: produk_buku_id_seq; Type: SEQUENCE SET; Schema: public; Owner: postgres
--

SELECT pg_catalog.setval('public.produk_buku_id_seq', 21, true);


--
-- Name: produk_penerbit_buku_id_seq; Type: SEQUENCE SET; Schema: public; Owner: postgres
--

SELECT pg_catalog.setval('public.produk_penerbit_buku_id_seq', 5, true);


--
-- Name: produk_penulis_buku_id_seq; Type: SEQUENCE SET; Schema: public; Owner: postgres
--

SELECT pg_catalog.setval('public.produk_penulis_buku_id_seq', 11, true);


--
-- Name: produk_stationery_id_seq; Type: SEQUENCE SET; Schema: public; Owner: postgres
--

SELECT pg_catalog.setval('public.produk_stationery_id_seq', 6, true);


--
-- Name: auth_group auth_group_name_key; Type: CONSTRAINT; Schema: public; Owner: postgres
--

ALTER TABLE ONLY public.auth_group
    ADD CONSTRAINT auth_group_name_key UNIQUE (name);


--
-- Name: auth_group_permissions auth_group_permissions_group_id_permission_id_0cd325b0_uniq; Type: CONSTRAINT; Schema: public; Owner: postgres
--

ALTER TABLE ONLY public.auth_group_permissions
    ADD CONSTRAINT auth_group_permissions_group_id_permission_id_0cd325b0_uniq UNIQUE (group_id, permission_id);


--
-- Name: auth_group_permissions auth_group_permissions_pkey; Type: CONSTRAINT; Schema: public; Owner: postgres
--

ALTER TABLE ONLY public.auth_group_permissions
    ADD CONSTRAINT auth_group_permissions_pkey PRIMARY KEY (id);


--
-- Name: auth_group auth_group_pkey; Type: CONSTRAINT; Schema: public; Owner: postgres
--

ALTER TABLE ONLY public.auth_group
    ADD CONSTRAINT auth_group_pkey PRIMARY KEY (id);


--
-- Name: auth_permission auth_permission_content_type_id_codename_01ab375a_uniq; Type: CONSTRAINT; Schema: public; Owner: postgres
--

ALTER TABLE ONLY public.auth_permission
    ADD CONSTRAINT auth_permission_content_type_id_codename_01ab375a_uniq UNIQUE (content_type_id, codename);


--
-- Name: auth_permission auth_permission_pkey; Type: CONSTRAINT; Schema: public; Owner: postgres
--

ALTER TABLE ONLY public.auth_permission
    ADD CONSTRAINT auth_permission_pkey PRIMARY KEY (id);


--
-- Name: auth_user_groups auth_user_groups_pkey; Type: CONSTRAINT; Schema: public; Owner: postgres
--

ALTER TABLE ONLY public.auth_user_groups
    ADD CONSTRAINT auth_user_groups_pkey PRIMARY KEY (id);


--
-- Name: auth_user_groups auth_user_groups_user_id_group_id_94350c0c_uniq; Type: CONSTRAINT; Schema: public; Owner: postgres
--

ALTER TABLE ONLY public.auth_user_groups
    ADD CONSTRAINT auth_user_groups_user_id_group_id_94350c0c_uniq UNIQUE (user_id, group_id);


--
-- Name: auth_user auth_user_pkey; Type: CONSTRAINT; Schema: public; Owner: postgres
--

ALTER TABLE ONLY public.auth_user
    ADD CONSTRAINT auth_user_pkey PRIMARY KEY (id);


--
-- Name: auth_user_user_permissions auth_user_user_permissions_pkey; Type: CONSTRAINT; Schema: public; Owner: postgres
--

ALTER TABLE ONLY public.auth_user_user_permissions
    ADD CONSTRAINT auth_user_user_permissions_pkey PRIMARY KEY (id);


--
-- Name: auth_user_user_permissions auth_user_user_permissions_user_id_permission_id_14a6b632_uniq; Type: CONSTRAINT; Schema: public; Owner: postgres
--

ALTER TABLE ONLY public.auth_user_user_permissions
    ADD CONSTRAINT auth_user_user_permissions_user_id_permission_id_14a6b632_uniq UNIQUE (user_id, permission_id);


--
-- Name: auth_user auth_user_username_key; Type: CONSTRAINT; Schema: public; Owner: postgres
--

ALTER TABLE ONLY public.auth_user
    ADD CONSTRAINT auth_user_username_key UNIQUE (username);


--
-- Name: django_admin_log django_admin_log_pkey; Type: CONSTRAINT; Schema: public; Owner: postgres
--

ALTER TABLE ONLY public.django_admin_log
    ADD CONSTRAINT django_admin_log_pkey PRIMARY KEY (id);


--
-- Name: django_content_type django_content_type_app_label_model_76bd3d3b_uniq; Type: CONSTRAINT; Schema: public; Owner: postgres
--

ALTER TABLE ONLY public.django_content_type
    ADD CONSTRAINT django_content_type_app_label_model_76bd3d3b_uniq UNIQUE (app_label, model);


--
-- Name: django_content_type django_content_type_pkey; Type: CONSTRAINT; Schema: public; Owner: postgres
--

ALTER TABLE ONLY public.django_content_type
    ADD CONSTRAINT django_content_type_pkey PRIMARY KEY (id);


--
-- Name: django_migrations django_migrations_pkey; Type: CONSTRAINT; Schema: public; Owner: postgres
--

ALTER TABLE ONLY public.django_migrations
    ADD CONSTRAINT django_migrations_pkey PRIMARY KEY (id);


--
-- Name: django_session django_session_pkey; Type: CONSTRAINT; Schema: public; Owner: postgres
--

ALTER TABLE ONLY public.django_session
    ADD CONSTRAINT django_session_pkey PRIMARY KEY (session_key);


--
-- Name: produk_buku produk_buku_pkey; Type: CONSTRAINT; Schema: public; Owner: postgres
--

ALTER TABLE ONLY public.produk_buku
    ADD CONSTRAINT produk_buku_pkey PRIMARY KEY (id);


--
-- Name: produk_penerbit_buku produk_penerbit_buku_pkey; Type: CONSTRAINT; Schema: public; Owner: postgres
--

ALTER TABLE ONLY public.produk_penerbit_buku
    ADD CONSTRAINT produk_penerbit_buku_pkey PRIMARY KEY (id);


--
-- Name: produk_penulis_buku produk_penulis_buku_pkey; Type: CONSTRAINT; Schema: public; Owner: postgres
--

ALTER TABLE ONLY public.produk_penulis_buku
    ADD CONSTRAINT produk_penulis_buku_pkey PRIMARY KEY (id);


--
-- Name: produk_stationery produk_stationery_pkey; Type: CONSTRAINT; Schema: public; Owner: postgres
--

ALTER TABLE ONLY public.produk_stationery
    ADD CONSTRAINT produk_stationery_pkey PRIMARY KEY (id);


--
-- Name: auth_group_name_a6ea08ec_like; Type: INDEX; Schema: public; Owner: postgres
--

CREATE INDEX auth_group_name_a6ea08ec_like ON public.auth_group USING btree (name varchar_pattern_ops);


--
-- Name: auth_group_permissions_group_id_b120cbf9; Type: INDEX; Schema: public; Owner: postgres
--

CREATE INDEX auth_group_permissions_group_id_b120cbf9 ON public.auth_group_permissions USING btree (group_id);


--
-- Name: auth_group_permissions_permission_id_84c5c92e; Type: INDEX; Schema: public; Owner: postgres
--

CREATE INDEX auth_group_permissions_permission_id_84c5c92e ON public.auth_group_permissions USING btree (permission_id);


--
-- Name: auth_permission_content_type_id_2f476e4b; Type: INDEX; Schema: public; Owner: postgres
--

CREATE INDEX auth_permission_content_type_id_2f476e4b ON public.auth_permission USING btree (content_type_id);


--
-- Name: auth_user_groups_group_id_97559544; Type: INDEX; Schema: public; Owner: postgres
--

CREATE INDEX auth_user_groups_group_id_97559544 ON public.auth_user_groups USING btree (group_id);


--
-- Name: auth_user_groups_user_id_6a12ed8b; Type: INDEX; Schema: public; Owner: postgres
--

CREATE INDEX auth_user_groups_user_id_6a12ed8b ON public.auth_user_groups USING btree (user_id);


--
-- Name: auth_user_user_permissions_permission_id_1fbb5f2c; Type: INDEX; Schema: public; Owner: postgres
--

CREATE INDEX auth_user_user_permissions_permission_id_1fbb5f2c ON public.auth_user_user_permissions USING btree (permission_id);


--
-- Name: auth_user_user_permissions_user_id_a95ead1b; Type: INDEX; Schema: public; Owner: postgres
--

CREATE INDEX auth_user_user_permissions_user_id_a95ead1b ON public.auth_user_user_permissions USING btree (user_id);


--
-- Name: auth_user_username_6821ab7c_like; Type: INDEX; Schema: public; Owner: postgres
--

CREATE INDEX auth_user_username_6821ab7c_like ON public.auth_user USING btree (username varchar_pattern_ops);


--
-- Name: django_admin_log_content_type_id_c4bce8eb; Type: INDEX; Schema: public; Owner: postgres
--

CREATE INDEX django_admin_log_content_type_id_c4bce8eb ON public.django_admin_log USING btree (content_type_id);


--
-- Name: django_admin_log_user_id_c564eba6; Type: INDEX; Schema: public; Owner: postgres
--

CREATE INDEX django_admin_log_user_id_c564eba6 ON public.django_admin_log USING btree (user_id);


--
-- Name: django_session_expire_date_a5c62663; Type: INDEX; Schema: public; Owner: postgres
--

CREATE INDEX django_session_expire_date_a5c62663 ON public.django_session USING btree (expire_date);


--
-- Name: django_session_session_key_c0390e0f_like; Type: INDEX; Schema: public; Owner: postgres
--

CREATE INDEX django_session_session_key_c0390e0f_like ON public.django_session USING btree (session_key varchar_pattern_ops);


--
-- Name: produk_buku_penerbit_id_d3e42cc8; Type: INDEX; Schema: public; Owner: postgres
--

CREATE INDEX produk_buku_penerbit_id_d3e42cc8 ON public.produk_buku USING btree (penerbit_id);


--
-- Name: produk_buku_penulis_id_eff6dafe; Type: INDEX; Schema: public; Owner: postgres
--

CREATE INDEX produk_buku_penulis_id_eff6dafe ON public.produk_buku USING btree (penulis_id);


--
-- Name: produk_buku_slug_9ce079af; Type: INDEX; Schema: public; Owner: postgres
--

CREATE INDEX produk_buku_slug_9ce079af ON public.produk_buku USING btree (slug);


--
-- Name: produk_buku_slug_9ce079af_like; Type: INDEX; Schema: public; Owner: postgres
--

CREATE INDEX produk_buku_slug_9ce079af_like ON public.produk_buku USING btree (slug varchar_pattern_ops);


--
-- Name: produk_penerbit_buku_slug_25caf034; Type: INDEX; Schema: public; Owner: postgres
--

CREATE INDEX produk_penerbit_buku_slug_25caf034 ON public.produk_penerbit_buku USING btree (slug);


--
-- Name: produk_penerbit_buku_slug_25caf034_like; Type: INDEX; Schema: public; Owner: postgres
--

CREATE INDEX produk_penerbit_buku_slug_25caf034_like ON public.produk_penerbit_buku USING btree (slug varchar_pattern_ops);


--
-- Name: produk_penulis_buku_slug_518a2e08; Type: INDEX; Schema: public; Owner: postgres
--

CREATE INDEX produk_penulis_buku_slug_518a2e08 ON public.produk_penulis_buku USING btree (slug);


--
-- Name: produk_penulis_buku_slug_518a2e08_like; Type: INDEX; Schema: public; Owner: postgres
--

CREATE INDEX produk_penulis_buku_slug_518a2e08_like ON public.produk_penulis_buku USING btree (slug varchar_pattern_ops);


--
-- Name: produk_stationery_slug_51cc16f3; Type: INDEX; Schema: public; Owner: postgres
--

CREATE INDEX produk_stationery_slug_51cc16f3 ON public.produk_stationery USING btree (slug);


--
-- Name: produk_stationery_slug_51cc16f3_like; Type: INDEX; Schema: public; Owner: postgres
--

CREATE INDEX produk_stationery_slug_51cc16f3_like ON public.produk_stationery USING btree (slug varchar_pattern_ops);


--
-- Name: auth_group_permissions auth_group_permissio_permission_id_84c5c92e_fk_auth_perm; Type: FK CONSTRAINT; Schema: public; Owner: postgres
--

ALTER TABLE ONLY public.auth_group_permissions
    ADD CONSTRAINT auth_group_permissio_permission_id_84c5c92e_fk_auth_perm FOREIGN KEY (permission_id) REFERENCES public.auth_permission(id) DEFERRABLE INITIALLY DEFERRED;


--
-- Name: auth_group_permissions auth_group_permissions_group_id_b120cbf9_fk_auth_group_id; Type: FK CONSTRAINT; Schema: public; Owner: postgres
--

ALTER TABLE ONLY public.auth_group_permissions
    ADD CONSTRAINT auth_group_permissions_group_id_b120cbf9_fk_auth_group_id FOREIGN KEY (group_id) REFERENCES public.auth_group(id) DEFERRABLE INITIALLY DEFERRED;


--
-- Name: auth_permission auth_permission_content_type_id_2f476e4b_fk_django_co; Type: FK CONSTRAINT; Schema: public; Owner: postgres
--

ALTER TABLE ONLY public.auth_permission
    ADD CONSTRAINT auth_permission_content_type_id_2f476e4b_fk_django_co FOREIGN KEY (content_type_id) REFERENCES public.django_content_type(id) DEFERRABLE INITIALLY DEFERRED;


--
-- Name: auth_user_groups auth_user_groups_group_id_97559544_fk_auth_group_id; Type: FK CONSTRAINT; Schema: public; Owner: postgres
--

ALTER TABLE ONLY public.auth_user_groups
    ADD CONSTRAINT auth_user_groups_group_id_97559544_fk_auth_group_id FOREIGN KEY (group_id) REFERENCES public.auth_group(id) DEFERRABLE INITIALLY DEFERRED;


--
-- Name: auth_user_groups auth_user_groups_user_id_6a12ed8b_fk_auth_user_id; Type: FK CONSTRAINT; Schema: public; Owner: postgres
--

ALTER TABLE ONLY public.auth_user_groups
    ADD CONSTRAINT auth_user_groups_user_id_6a12ed8b_fk_auth_user_id FOREIGN KEY (user_id) REFERENCES public.auth_user(id) DEFERRABLE INITIALLY DEFERRED;


--
-- Name: auth_user_user_permissions auth_user_user_permi_permission_id_1fbb5f2c_fk_auth_perm; Type: FK CONSTRAINT; Schema: public; Owner: postgres
--

ALTER TABLE ONLY public.auth_user_user_permissions
    ADD CONSTRAINT auth_user_user_permi_permission_id_1fbb5f2c_fk_auth_perm FOREIGN KEY (permission_id) REFERENCES public.auth_permission(id) DEFERRABLE INITIALLY DEFERRED;


--
-- Name: auth_user_user_permissions auth_user_user_permissions_user_id_a95ead1b_fk_auth_user_id; Type: FK CONSTRAINT; Schema: public; Owner: postgres
--

ALTER TABLE ONLY public.auth_user_user_permissions
    ADD CONSTRAINT auth_user_user_permissions_user_id_a95ead1b_fk_auth_user_id FOREIGN KEY (user_id) REFERENCES public.auth_user(id) DEFERRABLE INITIALLY DEFERRED;


--
-- Name: django_admin_log django_admin_log_content_type_id_c4bce8eb_fk_django_co; Type: FK CONSTRAINT; Schema: public; Owner: postgres
--

ALTER TABLE ONLY public.django_admin_log
    ADD CONSTRAINT django_admin_log_content_type_id_c4bce8eb_fk_django_co FOREIGN KEY (content_type_id) REFERENCES public.django_content_type(id) DEFERRABLE INITIALLY DEFERRED;


--
-- Name: django_admin_log django_admin_log_user_id_c564eba6_fk_auth_user_id; Type: FK CONSTRAINT; Schema: public; Owner: postgres
--

ALTER TABLE ONLY public.django_admin_log
    ADD CONSTRAINT django_admin_log_user_id_c564eba6_fk_auth_user_id FOREIGN KEY (user_id) REFERENCES public.auth_user(id) DEFERRABLE INITIALLY DEFERRED;


--
-- Name: produk_buku produk_buku_penerbit_id_d3e42cc8_fk_produk_penerbit_buku_id; Type: FK CONSTRAINT; Schema: public; Owner: postgres
--

ALTER TABLE ONLY public.produk_buku
    ADD CONSTRAINT produk_buku_penerbit_id_d3e42cc8_fk_produk_penerbit_buku_id FOREIGN KEY (penerbit_id) REFERENCES public.produk_penerbit_buku(id) DEFERRABLE INITIALLY DEFERRED;


--
-- Name: produk_buku produk_buku_penulis_id_eff6dafe_fk_produk_penulis_buku_id; Type: FK CONSTRAINT; Schema: public; Owner: postgres
--

ALTER TABLE ONLY public.produk_buku
    ADD CONSTRAINT produk_buku_penulis_id_eff6dafe_fk_produk_penulis_buku_id FOREIGN KEY (penulis_id) REFERENCES public.produk_penulis_buku(id) DEFERRABLE INITIALLY DEFERRED;


--
-- PostgreSQL database dump complete
--

